pid,_id,majorType_id,detail_id
1,T4-1,T-4,minor_type_T4-1
2,T4-2,T-4,minor_type_T4-2
3,T4-3,T-4,minor_type_T4-3
4,T4-4,T-4,minor_type_T4-4
5,T4-5,T-4,minor_type_T4-5
6,T4-6,T-4,minor_type_T4-6
7,T4-7,T-4,minor_type_T4-7
8,T4-8,T-4,minor_type_T4-8
9,T4-9,T-4,minor_type_T4-9
10,T4-10,T-4,minor_type_T4-10
11,T4-11,T-4,minor_type_T4-11
12,T4-12,T-4,minor_type_T4-12
13,T4-13,T-4,minor_type_T4-13
14,T4-14,T-4,minor_type_T4-14
15,T4-15,T-4,minor_type_T4-15
16,T4-16,T-4,minor_type_T4-16
17,T4-17,T-4,minor_type_T4-17
18,T4-18,T-4,minor_type_T4-18
19,T4-19,T-4,minor_type_T4-19
20,T4-20,T-4,minor_type_T4-20
21,M1-1,M-1,minor_type_M1-1
22,M1-2,M-1,minor_type_M1-2
23,M1-3,M-1,minor_type_M1-3
24,M1-4,M-1,minor_type_M1-4
25,M1-5,M-1,minor_type_M1-5
26,M1-6,M-1,minor_type_M1-6
27,M1-7,M-1,minor_type_M1-7
28,M1-8,M-1,minor_type_M1-8
29,M1-9,M-1,minor_type_M1-9
30,M1-10,M-1,minor_type_M1-10
31,M1-11,M-1,minor_type_M1-11
32,M1-12,M-1,minor_type_M1-12
33,M1-13,M-1,minor_type_M1-13
34,M1-14,M-1,minor_type_M1-14
35,M1-15,M-1,minor_type_M1-15
36,M1-16,M-1,minor_type_M1-16
37,M1-17,M-1,minor_type_M1-17
38,M1-18,M-1,minor_type_M1-18
39,M1-19,M-1,minor_type_M1-19
40,M1-20,M-1,minor_type_M1-20
41,M1-21,M-1,minor_type_M1-21
42,M1-22,M-1,minor_type_M1-22
43,M1-23,M-1,minor_type_M1-23
44,M1-24,M-1,minor_type_M1-24
45,M1-25,M-1,minor_type_M1-25
46,M1-26,M-1,minor_type_M1-26
47,M1-27,M-1,minor_type_M1-27
48,M1-28,M-1,minor_type_M1-28
49,M1-29,M-1,minor_type_M1-29
50,M2-1,M-2,minor_type_M2-1
51,M2-2,M-2,minor_type_M2-2
52,M2-3,M-2,minor_type_M2-3
53,M2-4,M-2,minor_type_M2-4
54,M2-5,M-2,minor_type_M2-5
55,M2-6,M-2,minor_type_M2-6
56,M2-7,M-2,minor_type_M2-7
57,M2-8,M-2,minor_type_M2-8
58,M2-9,M-2,minor_type_M2-9
59,M2-10,M-2,minor_type_M2-10
60,M2-11,M-2,minor_type_M2-11
61,M2-12,M-2,minor_type_M2-12
62,M2-13,M-2,minor_type_M2-13
63,M2-14,M-2,minor_type_M2-14
64,M2-15,M-2,minor_type_M2-15
65,M2-16,M-2,minor_type_M2-16
66,M2-17,M-2,minor_type_M2-17
67,M2-18,M-2,minor_type_M2-18
68,M2-19,M-2,minor_type_M2-19
69,M2-20,M-2,minor_type_M2-20
70,M3-1,M-3,minor_type_M3-1
71,M3-2,M-3,minor_type_M3-2
72,M3-3,M-3,minor_type_M3-3
73,M3-4,M-3,minor_type_M3-4
74,M3-5,M-3,minor_type_M3-5
75,M3-6,M-3,minor_type_M3-6
76,M3-7,M-3,minor_type_M3-7
77,M3-8,M-3,minor_type_M3-8
78,M3-9,M-3,minor_type_M3-9
79,M3-10,M-3,minor_type_M3-10
80,M3-11,M-3,minor_type_M3-11
81,M3-12,M-3,minor_type_M3-12
82,M3-13,M-3,minor_type_M3-13
83,M3-14,M-3,minor_type_M3-14
84,M3-15,M-3,minor_type_M3-15
85,M3-16,M-3,minor_type_M3-16
86,M3-17,M-3,minor_type_M3-17
87,M3-18,M-3,minor_type_M3-18
88,M3-19,M-3,minor_type_M3-19
89,M4-1,M-4,minor_type_M4-1
90,M4-2,M-4,minor_type_M4-2
91,M4-3,M-4,minor_type_M4-3
92,M4-4,M-4,minor_type_M4-4
93,M4-5,M-4,minor_type_M4-5
94,M4-6,M-4,minor_type_M4-6
95,M4-7,M-4,minor_type_M4-7
96,M4-8,M-4,minor_type_M4-8
97,M4-9,M-4,minor_type_M4-9
98,M4-10,M-4,minor_type_M4-10
99,M4-11,M-4,minor_type_M4-11
100,M4-12,M-4,minor_type_M4-12
101,M4-13,M-4,minor_type_M4-13
102,M4-14,M-4,minor_type_M4-14
103,M4-15,M-4,minor_type_M4-15
104,M4-16,M-4,minor_type_M4-16
105,M4-17,M-4,minor_type_M4-17
106,M4-18,M-4,minor_type_M4-18
107,M4-19,M-4,minor_type_M4-19
108,M4-20,M-4,minor_type_M4-20
109,M4-21,M-4,minor_type_M4-21
110,M4-22,M-4,minor_type_M4-22
111,M4-23,M-4,minor_type_M4-23
112,M4-24,M-4,minor_type_M4-24
113,M4-25,M-4,minor_type_M4-25
114,M4-26,M-4,minor_type_M4-26
115,M4-27,M-4,minor_type_M4-27
116,M4-28,M-4,minor_type_M4-28
117,M4-29,M-4,minor_type_M4-29
118,M4-30,M-4,minor_type_M4-30
119,M4-31,M-4,minor_type_M4-31
120,M4-32,M-4,minor_type_M4-32
121,M4-33,M-4,minor_type_M4-33
122,M4-34,M-4,minor_type_M4-34
123,M4-35,M-4,minor_type_M4-35
124,M4-36,M-4,minor_type_M4-36
125,M4-37,M-4,minor_type_M4-37
126,M4-38,M-4,minor_type_M4-38
127,M4-39,M-4,minor_type_M4-39
128,M4-40,M-4,minor_type_M4-40
129,M4-41,M-4,minor_type_M4-41
130,M4-42,M-4,minor_type_M4-42
131,M4-43,M-4,minor_type_M4-43
132,M4-44,M-4,minor_type_M4-44
133,M5-1,M-5,minor_type_M5-1
134,M5-2,M-5,minor_type_M5-2
135,M5-3,M-5,minor_type_M5-3
136,M5-4,M-5,minor_type_M5-4
137,M5-5,M-5,minor_type_M5-5
138,M5-6,M-5,minor_type_M5-6
139,M5-7,M-5,minor_type_M5-7
140,M5-8,M-5,minor_type_M5-8
141,M5-9,M-5,minor_type_M5-9
142,M5-10,M-5,minor_type_M5-10
143,M5-11,M-5,minor_type_M5-11
144,M5-12,M-5,minor_type_M5-12
145,M5-13,M-5,minor_type_M5-13
146,M5-14,M-5,minor_type_M5-14
147,M5-15,M-5,minor_type_M5-15
148,M5-16,M-5,minor_type_M5-16
149,M5-17,M-5,minor_type_M5-17
150,M5-18,M-5,minor_type_M5-18
151,M5-19,M-5,minor_type_M5-19
152,M5-20,M-5,minor_type_M5-20
153,M5-21,M-5,minor_type_M5-21
154,M5-22,M-5,minor_type_M5-22
155,M5-23,M-5,minor_type_M5-23
156,M5-24,M-5,minor_type_M5-24
157,M5-25,M-5,minor_type_M5-25
158,M5-26,M-5,minor_type_M5-26
159,M5-27,M-5,minor_type_M5-27
160,M5-28,M-5,minor_type_M5-28
161,M5-29,M-5,minor_type_M5-29
162,M5-30,M-5,minor_type_M5-30
163,M5-31,M-5,minor_type_M5-31
164,M5-32,M-5,minor_type_M5-32
165,M5-33,M-5,minor_type_M5-33
166,M5-34,M-5,minor_type_M5-34
167,M5-35,M-5,minor_type_M5-35
168,M5-36,M-5,minor_type_M5-36
169,M5-37,M-5,minor_type_M5-37
170,M5-38,M-5,minor_type_M5-38
171,M6-1,M-6,minor_type_M6-1
172,M6-2,M-6,minor_type_M6-2
173,M7-1,M-7,minor_type_M7-1
174,M7-2,M-7,minor_type_M7-2
175,M7-3,M-7,minor_type_M7-3
176,M7-4,M-7,minor_type_M7-4
177,M9-1,M-9,minor_type_M9-1
178,M9-2,M-9,minor_type_M9-2
179,M9-3,M-9,minor_type_M9-3
180,M9-4,M-9,minor_type_M9-4
181,M9-5,M-9,minor_type_M9-5
182,M9-6,M-9,minor_type_M9-6
183,M9-7,M-9,minor_type_M9-7
184,M9-8,M-9,minor_type_M9-8
185,M9-9,M-9,minor_type_M9-9
186,M10-1,M-10,minor_type_M10-1
187,M10-2,M-10,minor_type_M10-2
188,M10-3,M-10,minor_type_M10-3
189,M10-4,M-10,minor_type_M10-4
190,M10-5,M-10,minor_type_M10-5
191,M11-1,M-11,minor_type_M11-1
192,M11-2,M-11,minor_type_M11-2
193,M11-3,M-11,minor_type_M11-3
194,M11-4,M-11,minor_type_M11-4
195,M11-5,M-11,minor_type_M11-5
196,M11-6,M-11,minor_type_M11-6
197,M11-7,M-11,minor_type_M11-7
198,M12-1,M-12,minor_type_M12-1
199,M12-2,M-12,minor_type_M12-2
200,M12-3,M-12,minor_type_M12-3
201,M12-4,M-12,minor_type_M12-4
202,M12-5,M-12,minor_type_M12-5
203,M12-6,M-12,minor_type_M12-6
204,M12-7,M-12,minor_type_M12-7
205,M13-1,M-13,minor_type_M13-1
206,M13-2,M-13,minor_type_M13-2
207,M13-3,M-13,minor_type_M13-3
208,M13-4,M-13,minor_type_M13-4
209,M14-1,M-14,minor_type_M14-1
210,M14-2,M-14,minor_type_M14-2
211,M14-3,M-14,minor_type_M14-3
212,M15-1,M-15,minor_type_M15-1
213,M15-2,M-15,minor_type_M15-2
214,M15-3,M-15,minor_type_M15-3
215,M15-4,M-15,minor_type_M15-4
216,L1-1,L-1,minor_type_L1-1
217,L1-2,L-1,minor_type_L1-2
218,L1-3,L-1,minor_type_L1-3
219,L1-4,L-1,minor_type_L1-4
220,L1-5,L-1,minor_type_L1-5
221,L1-6,L-1,minor_type_L1-6
222,L1-7,L-1,minor_type_L1-7
223,L2-1,L-2,minor_type_L2-1
224,L2-2,L-2,minor_type_L2-2
225,L2-3,L-2,minor_type_L2-3
226,L2-4,L-2,minor_type_L2-4
227,L2-5,L-2,minor_type_L2-5
228,L2-6,L-2,minor_type_L2-6
229,L2-7,L-2,minor_type_L2-7
230,L2-8,L-2,minor_type_L2-8
231,L2-9,L-2,minor_type_L2-9
232,L2-10,L-2,minor_type_L2-10
233,L2-11,L-2,minor_type_L2-11
234,L2-12,L-2,minor_type_L2-12
235,L2-13,L-2,minor_type_L2-13
236,L2-14,L-2,minor_type_L2-14
237,L2-15,L-2,minor_type_L2-15
238,L2-16,L-2,minor_type_L2-16
239,L2-17,L-2,minor_type_L2-17
240,L2-18,L-2,minor_type_L2-18
241,L2-19,L-2,minor_type_L2-19
242,L3-1,L-3,minor_type_L3-1
243,L3-2,L-3,minor_type_L3-2
244,L4-1,L-4,minor_type_L4-1
245,L4-2,L-4,minor_type_L4-2
246,L4-3,L-4,minor_type_L4-3
247,L5-1,L-5,minor_type_L5-1
248,L5-2,L-5,minor_type_L5-2
249,L5-3,L-5,minor_type_L5-3
250,L5-4,L-5,minor_type_L5-4
251,L6-1,L-6,minor_type_L6-1
252,L6-2,L-6,minor_type_L6-2
253,L7-1,L-7,minor_type_L7-1
254,L7-2,L-7,minor_type_L7-2
255,L7-3,L-7,minor_type_L7-3
256,L8-1,L-8,minor_type_L8-1
257,L8-2,L-8,minor_type_L8-2
258,L8-3,L-8,minor_type_L8-3
259,L8-4,L-8,minor_type_L8-4
260,L8-5,L-8,minor_type_L8-5
261,L8-6,L-8,minor_type_L8-6
262,L8-7,L-8,minor_type_L8-7
263,L8-8,L-8,minor_type_L8-8
264,T1-1,T-1,minor_type_T1-1
265,T1-2,T-1,minor_type_T1-2
266,T1-3,T-1,minor_type_T1-3
267,T1-4,T-1,minor_type_T1-4
268,T1-5,T-1,minor_type_T1-5
269,T1-6,T-1,minor_type_T1-6
270,T1-7,T-1,minor_type_T1-7
271,T1-8,T-1,minor_type_T1-8
272,T1-9,T-1,minor_type_T1-9
273,T1-10,T-1,minor_type_T1-10
274,T1-11,T-1,minor_type_T1-11
275,T1-12,T-1,minor_type_T1-12
276,T1-13,T-1,minor_type_T1-13
277,T1-14,T-1,minor_type_T1-14
278,T1-15,T-1,minor_type_T1-15
279,T1-16,T-1,minor_type_T1-16
280,T1-17,T-1,minor_type_T1-17
281,T1-18,T-1,minor_type_T1-18
282,T1-19,T-1,minor_type_T1-19
283,T1-20,T-1,minor_type_T1-20
284,T1-21,T-1,minor_type_T1-21
285,T1-22,T-1,minor_type_T1-22
286,T1-23,T-1,minor_type_T1-23
287,T1-24,T-1,minor_type_T1-24
288,T1-25,T-1,minor_type_T1-25
289,T1-26,T-1,minor_type_T1-26
290,T1-27,T-1,minor_type_T1-27
291,T1-28,T-1,minor_type_T1-28
292,T1-29,T-1,minor_type_T1-29
293,T1-30,T-1,minor_type_T1-30
294,T1-31,T-1,minor_type_T1-31
295,T1-32,T-1,minor_type_T1-32
296,T1-33,T-1,minor_type_T1-33
297,T1-34,T-1,minor_type_T1-34
298,T1-35,T-1,minor_type_T1-35
299,T1-36,T-1,minor_type_T1-36
300,T1-37,T-1,minor_type_T1-37
301,T1-38,T-1,minor_type_T1-38
302,T1-39,T-1,minor_type_T1-39
303,T1-40,T-1,minor_type_T1-40
304,T1-41,T-1,minor_type_T1-41
305,T1-42,T-1,minor_type_T1-42
306,T1-43,T-1,minor_type_T1-43
307,T1-44,T-1,minor_type_T1-44
308,T1-45,T-1,minor_type_T1-45
309,T1-46,T-1,minor_type_T1-46
310,T1-47,T-1,minor_type_T1-47
311,T1-48,T-1,minor_type_T1-48
312,T1-49,T-1,minor_type_T1-49
313,T1-50,T-1,minor_type_T1-50
314,T1-51,T-1,minor_type_T1-51
315,T1-52,T-1,minor_type_T1-52
316,T1-53,T-1,minor_type_T1-53
317,T1-54,T-1,minor_type_T1-54
318,T1-55,T-1,minor_type_T1-55
319,T1-56,T-1,minor_type_T1-56
320,T1-57,T-1,minor_type_T1-57
321,T1-58,T-1,minor_type_T1-58
322,T1-59,T-1,minor_type_T1-59
323,T1-60,T-1,minor_type_T1-60
324,T1-61,T-1,minor_type_T1-61
325,T1-62,T-1,minor_type_T1-62
326,T1-63,T-1,minor_type_T1-63
327,T1-64,T-1,minor_type_T1-64
328,T1-65,T-1,minor_type_T1-65
329,T1-66,T-1,minor_type_T1-66
330,T1-67,T-1,minor_type_T1-67
331,T1-68,T-1,minor_type_T1-68
332,T1-69,T-1,minor_type_T1-69
333,T1-70,T-1,minor_type_T1-70
334,T1-71,T-1,minor_type_T1-71
335,T1-72,T-1,minor_type_T1-72
336,T1-73,T-1,minor_type_T1-73
337,T1-74,T-1,minor_type_T1-74
338,T1-75,T-1,minor_type_T1-75
339,T1-76,T-1,minor_type_T1-76
340,T1-77,T-1,minor_type_T1-77
341,T1-78,T-1,minor_type_T1-78
342,T1-79,T-1,minor_type_T1-79
343,T1-80,T-1,minor_type_T1-80
344,T1-81,T-1,minor_type_T1-81
345,T1-82,T-1,minor_type_T1-82
346,T1-83,T-1,minor_type_T1-83
347,T1-84,T-1,minor_type_T1-84
348,T1-85,T-1,minor_type_T1-85
349,T2-1,T-2,minor_type_T2-1
350,T2-2,T-2,minor_type_T2-2
351,T2-3,T-2,minor_type_T2-3
352,T2-4,T-2,minor_type_T2-4
353,T2-5,T-2,minor_type_T2-5
354,T2-6,T-2,minor_type_T2-6
355,T2-7,T-2,minor_type_T2-7
356,T2-8,T-2,minor_type_T2-8
357,T3-1,T-3,minor_type_T3-1
358,T3-2,T-3,minor_type_T3-2
359,T3-3,T-3,minor_type_T3-3
360,T3-4,T-3,minor_type_T3-4
361,T3-5,T-3,minor_type_T3-5
362,T3-6,T-3,minor_type_T3-6
363,T3-7,T-3,minor_type_T3-7
364,T3-8,T-3,minor_type_T3-8
365,T3-9,T-3,minor_type_T3-9
366,T3-10,T-3,minor_type_T3-10
367,T3-11,T-3,minor_type_T3-11
368,T3-12,T-3,minor_type_T3-12
369,T3-13,T-3,minor_type_T3-13
370,T3-14,T-3,minor_type_T3-14
371,T5-1,T-5,minor_type_T5-1
372,T5-2,T-5,minor_type_T5-2
373,T5-3,T-5,minor_type_T5-3
374,T5-4,T-5,minor_type_T5-4
375,T5-5,T-5,minor_type_T5-5
376,T5-6,T-5,minor_type_T5-6
377,T5-7,T-5,minor_type_T5-7
378,T5-8,T-5,minor_type_T5-8
379,T5-9,T-5,minor_type_T5-9
380,T5-10,T-5,minor_type_T5-10
381,T6-1,T-6,minor_type_T6-1
382,T6-2,T-6,minor_type_T6-2
383,T6-3,T-6,minor_type_T6-3
384,T6-4,T-6,minor_type_T6-4
385,T6-5,T-6,minor_type_T6-5
386,T6-6,T-6,minor_type_T6-6
387,T6-7,T-6,minor_type_T6-7
388,T7-1,T-7,minor_type_T7-1
389,T7-2,T-7,minor_type_T7-2
390,T7-3,T-7,minor_type_T7-3
391,T7-4,T-7,minor_type_T7-4
392,T7-5,T-7,minor_type_T7-5
393,T7-6,T-7,minor_type_T7-6
394,T7-7,T-7,minor_type_T7-7
395,T7-8,T-7,minor_type_T7-8
396,T7-9,T-7,minor_type_T7-9
397,T7-10,T-7,minor_type_T7-10
398,T7-11,T-7,minor_type_T7-11
399,T7-12,T-7,minor_type_T7-12
400,T7-13,T-7,minor_type_T7-13
401,T7-14,T-7,minor_type_T7-14
402,T8-1,T-8,minor_type_T8-1
403,T8-2,T-8,minor_type_T8-2
404,T8-3,T-8,minor_type_T8-3
405,T8-4,T-8,minor_type_T8-4
406,T8-5,T-8,minor_type_T8-5
407,T9-1,T-9,minor_type_T9-1
408,T9-2,T-9,minor_type_T9-2
409,T10-1,T-10,minor_type_T10-1
410,T10-2,T-10,minor_type_T10-2
411,T11-1,T-11,minor_type_T11-1
412,T11-2,T-11,minor_type_T11-2
413,T11-3,T-11,minor_type_T11-3
414,T12-1,T-12,minor_type_T12-1
415,T12-2,T-12,minor_type_T12-2
416,T12-3,T-12,minor_type_T12-3
417,T12-4,T-12,minor_type_T12-4
418,T13-1,T-13,minor_type_T13-1
419,T13-2,T-13,minor_type_T13-2
420,T13-3,T-13,minor_type_T13-3
421,T13-4,T-13,minor_type_T13-4
422,T13-5,T-13,minor_type_T13-5
423,T13-6,T-13,minor_type_T13-6
424,T13-7,T-13,minor_type_T13-7
425,T13-8,T-13,minor_type_T13-8
426,T13-9,T-13,minor_type_T13-9
427,T13-10,T-13,minor_type_T13-10
428,T13-11,T-13,minor_type_T13-11
429,T13-12,T-13,minor_type_T13-12
430,T13-13,T-13,minor_type_T13-13
431,T13-14,T-13,minor_type_T13-14
432,T13-15,T-13,minor_type_T13-15
433,T13-16,T-13,minor_type_T13-16
434,T13-17,T-13,minor_type_T13-17
435,T13-18,T-13,minor_type_T13-18
436,T14-1,T-14,minor_type_T14-1
437,T14-2,T-14,minor_type_T14-2
438,T14-3,T-14,minor_type_T14-3
438,T14-3-1,T-14,
438,T14-3-2,T-14,
439,T15-1,T-15,minor_type_T15-1
440,T15-2,T-15,minor_type_T15-2
441,T16-1,T-16,minor_type_T16-1
442,T16-2,T-16,minor_type_T16-2
443,T16-3,T-16,minor_type_T16-3
444,T16-4,T-16,minor_type_T16-4
445,T16-5,T-16,minor_type_T16-5
446,T16-6,T-16,minor_type_T16-6
447,T16-7,T-16,minor_type_T16-7
448,T17-1,T-17,minor_type_T17-1
449,T17-2,T-17,minor_type_T17-2
450,T17-3,T-17,minor_type_T17-3
451,T17-4,T-17,minor_type_T17-4
452,T18-1,T-18,minor_type_T18-1
453,T18-2,T-18,minor_type_T18-2
454,T18-3,T-18,minor_type_T18-3
455,T18-4,T-18,minor_type_T18-4
455,T18-4-1,T-18,
455,T18-4-2,T-18,
455,T18-4-3,T-18,
456,T18-5,T-18,minor_type_T18-5
457,T18-6,T-18,minor_type_T18-6
458,T19-1,T-19,minor_type_T19-1
459,T19-2,T-19,minor_type_T19-2
460,T19-3,T-19,minor_type_T19-3
461,T20-1,T-20,minor_type_T20-1
462,T20-2,T-20,minor_type_T20-2
463,T21-1,T-21,minor_type_T21-1
464,T21-2,T-21,minor_type_T21-2
465,T21-3,T-21,minor_type_T21-3
466,T21-4,T-21,minor_type_T21-4
467,T21-5,T-21,minor_type_T21-5
468,T21-6,T-21,minor_type_T21-6
469,T21-7,T-21,minor_type_T21-7
470,T21-8,T-21,minor_type_T21-8
471,T22-1,T-22,minor_type_T22-1
472,T22-2,T-22,minor_type_T22-2
473,T22-3,T-22,minor_type_T22-3
474,T22-4,T-22,minor_type_T22-4
475,T24-1,T-24,minor_type_T24-1
476,T24-2,T-24,minor_type_T24-2
477,T24-3,T-24,minor_type_T24-3
478,T25-1,T-25,minor_type_T25-1
479,T25-2,T-25,minor_type_T25-2
480,T25-3,T-25,minor_type_T25-3
481,T25-4,T-25,minor_type_T25-4
482,T26-1,T-26,minor_type_T26-1
483,T26-2,T-26,minor_type_T26-2
484,T26-3,T-26,minor_type_T26-3
485,T26-4,T-26,minor_type_T26-4
486,T26-5,T-26,minor_type_T26-5
487,T26-6,T-26,minor_type_T26-6
488,T26-7,T-26,minor_type_T26-7
489,T27-1,T-27,minor_type_T27-1
490,T27-2,T-27,minor_type_T27-2
491,T27-3,T-27,minor_type_T27-3
492,T27-4,T-27,minor_type_T27-4
493,T27-5,T-27,minor_type_T27-5
494,T27-6,T-27,minor_type_T27-6
495,T27-7,T-27,minor_type_T27-7
496,T27-8,T-27,minor_type_T27-8
497,T28-1,T-28,minor_type_T28-1
498,T28-2,T-28,minor_type_T28-2
499,T28-3,T-28,minor_type_T28-3
500,T29-1,T-29,minor_type_T29-1
501,T29-2,T-29,minor_type_T29-2
502,T29-3,T-29,minor_type_T29-3
503,T29-4,T-29,minor_type_T29-4
504,T29-5,T-29,minor_type_T29-5
505,T29-6,T-29,minor_type_T29-6
506,T29-7,T-29,minor_type_T29-7
507,T29-8,T-29,minor_type_T29-8
508,T29-9,T-29,minor_type_T29-9
509,T29-10,T-29,minor_type_T29-10
510,T30-1,T-30,minor_type_T30-1
511,T30-2,T-30,minor_type_T30-2
512,T30-3,T-30,minor_type_T30-3
513,T30-4,T-30,minor_type_T30-4
514,T30-5,T-30,minor_type_T30-5
515,T30-6,T-30,minor_type_T30-6
516,T30-7,T-30,minor_type_T30-7
517,T31-1,T-31,minor_type_T31-1
518,T31-2,T-31,minor_type_T31-2
519,T31-3,T-31,minor_type_T31-3
520,T31-4,T-31,minor_type_T31-4
521,T31-5,T-31,minor_type_T31-5
522,T31-6,T-31,minor_type_T31-6
523,T31-7,T-31,minor_type_T31-7
524,T31-8,T-31,minor_type_T31-8
525,T31-9,T-31,minor_type_T31-9
526,T31-10,T-31,minor_type_T31-10
527,T31-11,T-31,minor_type_T31-11
528,T31-12,T-31,minor_type_T31-12
529,T31-13,T-31,minor_type_T31-13
530,T31-14,T-31,minor_type_T31-14
531,T32-1,T-32,minor_type_T32-1
532,T32-2,T-32,minor_type_T32-2
533,T32-3,T-32,minor_type_T32-3
534,T32-4,T-32,minor_type_T32-4
535,T32-5,T-32,minor_type_T32-5
536,T32-6,T-32,minor_type_T32-6
537,T32-7,T-32,minor_type_T32-7
538,T32-8,T-32,minor_type_T32-8
539,T32-9,T-32,minor_type_T32-9
540,T32-10,T-32,minor_type_T32-10
541,T32-11,T-32,minor_type_T32-11
542,T32-12,T-32,minor_type_T32-12
543,T32-13,T-32,minor_type_T32-13
544,T32-14,T-32,minor_type_T32-14
545,T32-15,T-32,minor_type_T32-15
546,T32-16,T-32,minor_type_T32-16
547,T32-17,T-32,minor_type_T32-17
548,T32-18,T-32,minor_type_T32-18
549,T32-19,T-32,minor_type_T32-19
550,T32-20,T-32,minor_type_T32-20
551,T32-21,T-32,minor_type_T32-21
552,T33-1,T-33,minor_type_T33-1
553,T33-2,T-33,minor_type_T33-2
554,T34-1,T-34,minor_type_T34-1
555,T34-2,T-34,minor_type_T34-2
556,T34-3,T-34,minor_type_T34-3
557,T34-4,T-34,minor_type_T34-4
558,T34-5,T-34,minor_type_T34-5
559,T34-6,T-34,minor_type_T34-6
560,T34-7,T-34,minor_type_T34-7
561,T34-8,T-34,minor_type_T34-8
562,T34-9,T-34,minor_type_T34-9
563,T34-10,T-34,minor_type_T34-10
564,T34-11,T-34,minor_type_T34-11
565,T34-12,T-34,minor_type_T34-12
566,T35-1,T-35,minor_type_T35-1
567,T35-2,T-35,minor_type_T35-2
568,T35-3,T-35,minor_type_T35-3
569,T35-4,T-35,minor_type_T35-4
570,T36-1,T-36,minor_type_T36-1
571,T36-2,T-36,minor_type_T36-2
572,T36-3,T-36,minor_type_T36-3
573,T37-1,T-37,minor_type_T37-1
574,T37-2,T-37,minor_type_T37-2
575,T37-3,T-37,minor_type_T37-3
576,T39-1,T-39,minor_type_T39-1
577,T39-2,T-39,minor_type_T39-2
578,T39-3,T-39,minor_type_T39-3
579,T39-4,T-39,minor_type_T39-4
580,T39-5,T-39,minor_type_T39-5
581,T39-6,T-39,minor_type_T39-6
582,T39-7,T-39,minor_type_T39-7
583,T39-8,T-39,minor_type_T39-8
584,T45-1,T-45,minor_type_T45-1
585,T45-2,T-45,minor_type_T45-2
586,T45-3,T-45,minor_type_T45-3
587,T45-4,T-45,minor_type_T45-4
588,V1-1,V-1,minor_type_V1-1
589,V1-2,V-1,minor_type_V1-2
590,V1-3,V-1,minor_type_V1-3
591,V1-4,V-1,minor_type_V1-4
592,V1-5,V-1,minor_type_V1-5
593,V1-6,V-1,minor_type_V1-6
594,V1-7,V-1,minor_type_V1-7
595,V1-8,V-1,minor_type_V1-8
596,V1-9,V-1,minor_type_V1-9
597,V1-10,V-1,minor_type_V1-10
598,V1-11,V-1,minor_type_V1-11
599,V1-12,V-1,minor_type_V1-12
600,V1-13,V-1,minor_type_V1-13
601,V1-14,V-1,minor_type_V1-14
602,V1-15,V-1,minor_type_V1-15
603,V1-16,V-1,minor_type_V1-16
604,V1-17,V-1,minor_type_V1-17
605,V1-18,V-1,minor_type_V1-18
606,V1-19,V-1,minor_type_V1-19
607,V1-20,V-1,minor_type_V1-20
608,V1-21,V-1,minor_type_V1-21
609,V1-22,V-1,minor_type_V1-22
610,V1-23,V-1,minor_type_V1-23
611,V1-24,V-1,minor_type_V1-24
612,V1-25,V-1,minor_type_V1-25
613,V1-26,V-1,minor_type_V1-26
614,V1-27,V-1,minor_type_V1-27
615,V1-28,V-1,minor_type_V1-28
616,V1-29,V-1,minor_type_V1-29
617,V1-30,V-1,minor_type_V1-30
618,V1-31,V-1,minor_type_V1-31
619,V1-32,V-1,minor_type_V1-32
620,V2-1,V-2,minor_type_V2-1
621,V2-2,V-2,minor_type_V2-2
622,V2-3,V-2,minor_type_V2-3
623,V2-4,V-2,minor_type_V2-4
624,V2-5,V-2,minor_type_V2-5
625,V2-6,V-2,minor_type_V2-6
626,V2-7,V-2,minor_type_V2-7
627,V2-8,V-2,minor_type_V2-8
628,V3-1,V-3,minor_type_V3-1
629,V3-2,V-3,minor_type_V3-2
630,V3-3,V-3,minor_type_V3-3
631,V3-4,V-3,minor_type_V3-4
632,V3-5,V-3,minor_type_V3-5
633,V3-6,V-3,minor_type_V3-6
634,V3-7,V-3,minor_type_V3-7
635,V4-1,V-4,minor_type_V4-1
636,V4-2,V-4,minor_type_V4-2
637,V4-3,V-4,minor_type_V4-3
638,V4-4,V-4,minor_type_V4-4
639,V4-5,V-4,minor_type_V4-5
640,V4-6,V-4,minor_type_V4-6
641,V4-7,V-4,minor_type_V4-7
642,V4-8,V-4,minor_type_V4-8
643,V4-9,V-4,minor_type_V4-9
644,V5-1,V-5,minor_type_V5-1
645,V5-2,V-5,minor_type_V5-2
646,V6-1,V-6,minor_type_V6-1
647,V6-2,V-6,minor_type_V6-2
648,V6-3,V-6,minor_type_V6-3
649,V6-4,V-6,minor_type_V6-4
650,V6-5,V-6,minor_type_V6-5
651,V6-6,V-6,minor_type_V6-6
652,V6-7,V-6,minor_type_V6-7
653,V6-8,V-6,minor_type_V6-8
654,V6-9,V-6,minor_type_V6-9
655,V7-1,V-7,minor_type_V7-1
656,V7-2,V-7,minor_type_V7-2
657,V8-1,V-8,minor_type_V8-1
658,V8-2,V-8,minor_type_V8-2
659,V8-3,V-8,minor_type_V8-3
660,V9-1,V-9,minor_type_V9-1
661,V9-2,V-9,minor_type_V9-2
662,V9-3,V-9,minor_type_V9-3
663,V10-1,V-10,minor_type_V10-1
664,V10-2,V-10,minor_type_V10-2
665,V10-3,V-10,minor_type_V10-3
666,V11-1,V-11,minor_type_V11-1
667,V11-2,V-11,minor_type_V11-2
668,V12-1,V-12,minor_type_V12-1
669,V12-2,V-12,minor_type_V12-2
670,V12-3,V-12,minor_type_V12-3
671,V13-1,V-13,minor_type_V13-1
672,V13-2,V-13,minor_type_V13-2
673,V13-3,V-13,minor_type_V13-3
674,V13-4,V-13,minor_type_V13-4
675,V13-5,V-13,minor_type_V13-5
676,V13-6,V-13,minor_type_V13-6
677,V13-7,V-13,minor_type_V13-7
678,V13-8,V-13,minor_type_V13-8
679,H1-1,H-1,minor_type_H1-1
680,H1-2,H-1,minor_type_H1-2
681,H1-3,H-1,minor_type_H1-3
682,H1-4,H-1,minor_type_H1-4
683,H1-5,H-1,minor_type_H1-5
684,H2-1,H-2,minor_type_H2-1
685,H2-2,H-2,minor_type_H2-2
686,H2-3,H-2,minor_type_H2-3
687,H2-4,H-2,minor_type_H2-4
688,H2-5,H-2,minor_type_H2-5
689,H2-6,H-2,minor_type_H2-6
690,H2-7,H-2,minor_type_H2-7
691,H2-8,H-2,minor_type_H2-8
692,H4-1,H-4,minor_type_H4-1
693,H4-2,H-4,minor_type_H4-2
694,H4-3,H-4,minor_type_H4-3
695,H4-4,H-4,minor_type_H4-4
696,F1-1,F-1,minor_type_F1-1
697,F1-2,F-1,minor_type_F1-2
698,F1-3,F-1,minor_type_F1-3
699,F1-4,F-1,minor_type_F1-4
700,F1-5,F-1,minor_type_F1-5
701,F1-6,F-1,minor_type_F1-6
702,F2-1,F-2,minor_type_F2-1
703,F2-2,F-2,minor_type_F2-2
704,F2-3,F-2,minor_type_F2-3
705,F2-4,F-2,minor_type_F2-4
706,F2-5,F-2,minor_type_F2-5
707,F2-6,F-2,minor_type_F2-6
708,F2-7,F-2,minor_type_F2-7
709,F2-8,F-2,minor_type_F2-8
710,F2-9,F-2,minor_type_F2-9
711,F2-10,F-2,minor_type_F2-10
712,F2-11,F-2,minor_type_F2-11
713,F2-12,F-2,minor_type_F2-12
714,F2-13,F-2,minor_type_F2-13
715,F2-14,F-2,minor_type_F2-14
716,F2-15,F-2,minor_type_F2-15
717,F2-16,F-2,minor_type_F2-16
718,F2-17,F-2,minor_type_F2-17
719,F2-18,F-2,minor_type_F2-18
720,F2-19,F-2,minor_type_F2-19
721,F2-20,F-2,minor_type_F2-20
722,F2-21,F-2,minor_type_F2-21
723,F4-1,F-4,minor_type_F4-1
724,F4-2,F-4,minor_type_F4-2
725,F4-3,F-4,minor_type_F4-3
726,F5-1,F-5,minor_type_F5-1
727,F5-2,F-5,minor_type_F5-2
728,F5-3,F-5,minor_type_F5-3
729,F5-4,F-5,minor_type_F5-4
