pid,standardSegment_id,elementarySegment_id
0,T4-UF.ab,UF.a
1,T4-UF.ab,UF.b
2,T4-UF.cd,UF.c
3,T4-UF.cd,UF.d
4,T4-UF.ef,UF.e
5,T4-UF.ef,UF.f
6,T4-UF.gh,UF.g
7,T4-UF.gh,UF.h
8,T4-KA.abc,KA.a
9,T4-KA.abc,KA.b
10,T4-KA.abc,KA.c
11,T4-KA.de,KA.d
12,T4-KA.de,KA.e
13,T4-KA.fg,KA.f
14,T4-KA.fg,KA.g
15,T4-KA.hi,KA.h
16,T4-KA.hi,KA.i
17,T4-KI.0a,KI.0
18,T4-KI.0a,KI.a
19,T4-KI.bc,KI.b
20,T4-KI.bc,KI.c
21,H4-SY.abcd,SY.a
22,H4-SY.abcd,SY.b
23,H4-SY.abcd,SY.c
24,H4-SY.abcd,SY.d
25,V13-SX.o,SX.o
26,T28-SH.d,SH.d
27,T23-TV.k,TV.k
28,T23-IO.¤,IO.¤
29,V9-HI.bcde,HI.b
30,V9-HI.bcde,HI.c
31,V9-HI.bcde,HI.d
32,V9-HI.bcde,HI.e
33,M14-SX.a,SX.a
34,T9-NG.ab,NG.a
35,T9-NG.ab,NG.b
36,T9-PF.a,PF.a
37,T9-IO.b¤,IO.b
38,T9-IO.b¤,IO.¤
39,T20-IF.b,IF.b
40,V7-PF.a,PF.a
41,H3-OM.¤,OM.¤
42,T37-SX.g,SX.g
43,L5-KI.e¤,KI.e
44,L5-KI.e¤,KI.¤
45,T35-SX.e,SX.e
46,T12-TV.0abcdefghijk,TV.0
47,T12-TV.0abcdefghijk,TV.a
48,T12-TV.0abcdefghijk,TV.b
49,T12-TV.0abcdefghijk,TV.c
50,T12-TV.0abcdefghijk,TV.d
51,T12-TV.0abcdefghijk,TV.e
52,T12-TV.0abcdefghijk,TV.f
53,T12-TV.0abcdefghijk,TV.g
54,T12-TV.0abcdefghijk,TV.h
55,T12-TV.0abcdefghijk,TV.i
56,T12-TV.0abcdefghijk,TV.j
57,T12-TV.0abcdefghijk,TV.k
58,T12-SA.abcdef+,SA.a
59,T12-SA.abcdef+,SA.b
60,T12-SA.abcdef+,SA.c
61,T12-SA.abcdef+,SA.d
62,T12-SA.abcdef+,SA.e
63,T12-SA.abcdef+,SA.f
64,T12-SA.abcdef+,SA.+
65,T27-SH.c,SH.c
66,T36-SX.f,SX.f
67,T39-SX.h,SX.h
68,T43-SX.k,SX.k
69,T43-MB.+,MB.+
70,F3-OM.¤,OM.¤
71,L7-SX.c,SX.c
72,T34-HI.bcde,HI.b
73,T34-HI.bcde,HI.c
74,T34-HI.bcde,HI.d
75,T34-HI.bcde,HI.e
76,T34-HR.a,HR.a
77,T6-TV.0abcdefghijk,TV.0
78,T6-TV.0abcdefghijk,TV.a
79,T6-TV.0abcdefghijk,TV.b
80,T6-TV.0abcdefghijk,TV.c
81,T6-TV.0abcdefghijk,TV.d
82,T6-TV.0abcdefghijk,TV.e
83,T6-TV.0abcdefghijk,TV.f
84,T6-TV.0abcdefghijk,TV.g
85,T6-TV.0abcdefghijk,TV.h
86,T6-TV.0abcdefghijk,TV.i
87,T6-TV.0abcdefghijk,TV.j
88,T6-TV.0abcdefghijk,TV.k
89,T6-SA.abcdef+,SA.a
90,T6-SA.abcdef+,SA.b
91,T6-SA.abcdef+,SA.c
92,T6-SA.abcdef+,SA.d
93,T6-SA.abcdef+,SA.e
94,T6-SA.abcdef+,SA.f
95,T6-SA.abcdef+,SA.+
96,V4-KI.de¤,KI.d
97,V4-KI.de¤,KI.e
98,V4-KI.de¤,KI.¤
99,V12-SX.n,SX.n
100,T31-MX.a,MX.a
101,V5-KI.de¤,KI.d
102,V5-KI.de¤,KI.e
103,V5-KI.de¤,KI.¤
104,V5-JV.abcde¤,JV.a
105,V5-JV.abcde¤,JV.b
106,V5-JV.abcde¤,JV.c
107,V5-JV.abcde¤,JV.d
108,V5-JV.abcde¤,JV.e
109,V5-JV.abcde¤,JV.¤
110,M12-KI.e¤,KI.e
111,M12-KI.e¤,KI.¤
112,M12-JV.abcde¤,JV.a
113,M12-JV.abcde¤,JV.b
114,M12-JV.abcde¤,JV.c
115,M12-JV.abcde¤,JV.d
116,M12-JV.abcde¤,JV.e
117,M12-JV.abcde¤,JV.¤
118,T8-NG.abcd¤,NG.a
119,T8-NG.abcd¤,NG.b
120,T8-NG.abcd¤,NG.c
121,T8-NG.abcd¤,NG.d
122,T8-NG.abcd¤,NG.¤
123,T33-HI.bcde,HI.b
124,T33-HI.bcde,HI.c
125,T33-HI.bcde,HI.d
126,T33-HI.bcde,HI.e
127,T33-TV.0abcdefghijk,TV.0
128,T33-TV.0abcdefghijk,TV.a
129,T33-TV.0abcdefghijk,TV.b
130,T33-TV.0abcdefghijk,TV.c
131,T33-TV.0abcdefghijk,TV.d
132,T33-TV.0abcdefghijk,TV.e
133,T33-TV.0abcdefghijk,TV.f
134,T33-TV.0abcdefghijk,TV.g
135,T33-TV.0abcdefghijk,TV.h
136,T33-TV.0abcdefghijk,TV.i
137,T33-TV.0abcdefghijk,TV.j
138,T33-TV.0abcdefghijk,TV.k
139,T33-SA.abcdef+,SA.a
140,T33-SA.abcdef+,SA.b
141,T33-SA.abcdef+,SA.c
142,T33-SA.abcdef+,SA.d
143,T33-SA.abcdef+,SA.e
144,T33-SA.abcdef+,SA.f
145,T33-SA.abcdef+,SA.+
146,V3-VT.c,VT.c
147,T11-TV.0abcdefghijk,TV.0
148,T11-TV.0abcdefghijk,TV.a
149,T11-TV.0abcdefghijk,TV.b
150,T11-TV.0abcdefghijk,TV.c
151,T11-TV.0abcdefghijk,TV.d
152,T11-TV.0abcdefghijk,TV.e
153,T11-TV.0abcdefghijk,TV.f
154,T11-TV.0abcdefghijk,TV.g
155,T11-TV.0abcdefghijk,TV.h
156,T11-TV.0abcdefghijk,TV.i
157,T11-TV.0abcdefghijk,TV.j
158,T11-TV.0abcdefghijk,TV.k
159,T11-SF.b¤,SF.b
160,T11-SF.b¤,SF.¤
161,T40-SX.i,SX.i
162,T40-MB.0,MB.0
163,T45-SX.l,SX.l
164,T45-MB.+,MB.+
165,T24-TV.k,TV.k
166,T24-IO.¤,IO.¤
167,T24-SA.abcdef+,SA.a
168,T24-SA.abcdef+,SA.b
169,T24-SA.abcdef+,SA.c
170,T24-SA.abcdef+,SA.d
171,T24-SA.abcdef+,SA.e
172,T24-SA.abcdef+,SA.f
173,T24-SA.abcdef+,SA.+
174,T38-SX.e,SX.e
175,T16-RU.bcde¤,RU.b
176,T16-RU.bcde¤,RU.c
177,T16-RU.bcde¤,RU.d
178,T16-RU.bcde¤,RU.e
179,T16-RU.bcde¤,RU.¤
180,F4-SY.abc,SY.a
181,F4-SY.abc,SY.b
182,F4-SY.abc,SY.c
183,T10-AS.a,AS.a
184,M10-GS.abcd¤,GS.a
185,M10-GS.abcd¤,GS.b
186,M10-GS.abcd¤,GS.c
187,M10-GS.abcd¤,GS.d
188,M10-GS.abcd¤,GS.¤
189,T21-SS.0abcdefghi,SS.0
190,T21-SS.0abcdefghi,SS.a
191,T21-SS.0abcdefghi,SS.b
192,T21-SS.0abcdefghi,SS.c
193,T21-SS.0abcdefghi,SS.d
194,T21-SS.0abcdefghi,SS.e
195,T21-SS.0abcdefghi,SS.f
196,T21-SS.0abcdefghi,SS.g
197,T21-SS.0abcdefghi,SS.h
198,T21-SS.0abcdefghi,SS.i
199,T14-VI.abc¤,VI.a
200,T14-VI.abc¤,VI.b
201,T14-VI.abc¤,VI.c
202,T14-VI.abc¤,VI.¤
203,T26-SH.b,SH.b
204,T5-GS.abcd¤,GS.a
205,T5-GS.abcd¤,GS.b
206,T5-GS.abcd¤,GS.c
207,T5-GS.abcd¤,GS.d
208,T5-GS.abcd¤,GS.¤
209,T41-SX.j,SX.j
210,T41-MB.+,MB.+
211,T44-SX.l,SX.l
212,T44-MB.+,MB.+
213,T32-HI.bcde,HI.b
214,T32-HI.bcde,HI.c
215,T32-HI.bcde,HI.d
216,T32-HI.bcde,HI.e
217,L6-OM.b¤,OM.b
218,L6-OM.b¤,OM.¤
219,T42-SX.k,SX.k
220,T42-MB.0,MB.0
221,V10 -HI.bcde,HI.b
222,V10 -HI.bcde,HI.c
223,V10 -HI.bcde,HI.d
224,V10 -HI.bcde,HI.e
225,V10 -IO.0a,IO.0
226,V10 -IO.0a,IO.a
227,T29-SH.e,SH.e
228,T25-SH.a,SH.a
229,V6-SV.abcdefg¤,SV.a
230,V6-SV.abcdefg¤,SV.b
231,V6-SV.abcdefg¤,SV.c
232,V6-SV.abcdefg¤,SV.d
233,V6-SV.abcdefg¤,SV.e
234,V6-SV.abcdefg¤,SV.f
235,V6-SV.abcdefg¤,SV.g
236,V6-SV.abcdefg¤,SV.¤
237,V6-IO.0a,IO.0
238,V6-IO.0a,IO.a
239,T19-PF.a,PF.a
240,T19-OF.a,OF.a
241,T17-SU.bc,SU.b
242,T17-SU.bc,SU.c
243,T18-VF.fgh¤,VF.f
244,T18-VF.fgh¤,VF.g
245,T18-VF.fgh¤,VF.h
246,T18-VF.fgh¤,VF.¤
247,M15-SX.b,SX.b
248,L8-SX.d,SX.d
249,M9-SM.ghi¤,SM.g
250,M9-SM.ghi¤,SM.h
251,M9-SM.ghi¤,SM.i
252,M9-SM.ghi¤,SM.¤
253,M11-KI.e¤,KI.e
254,M11-KI.e¤,KI.¤
255,V8-VT.a,VT.a
256,V11-SX.m,SX.m
257,F5-SY.abcd,SY.a
258,F5-SY.abcd,SY.b
259,F5-SY.abcd,SY.c
260,F5-SY.abcd,SY.d
261,T15-VS.bcd,VS.b
262,T15-VS.bcd,VS.c
263,T15-VS.bcd,VS.d
264,H2-SM.abcdefghi¤,SM.a
265,H2-SM.abcdefghi¤,SM.b
266,H2-SM.abcdefghi¤,SM.c
267,H2-SM.abcdefghi¤,SM.d
268,H2-SM.abcdefghi¤,SM.e
269,H2-SM.abcdefghi¤,SM.f
270,H2-SM.abcdefghi¤,SM.g
271,H2-SM.abcdefghi¤,SM.h
272,H2-SM.abcdefghi¤,SM.i
273,H2-SM.abcdefghi¤,SM.¤
274,T7-SV.abcdefg¤,SV.a
275,T7-SV.abcdefg¤,SV.b
276,T7-SV.abcdefg¤,SV.c
277,T7-SV.abcdefg¤,SV.d
278,T7-SV.abcdefg¤,SV.e
279,T7-SV.abcdefg¤,SV.f
280,T7-SV.abcdefg¤,SV.g
281,T7-SV.abcdefg¤,SV.¤
282,T30-VF.bcde,VF.b
283,T30-VF.bcde,VF.c
284,T30-VF.bcde,VF.d
285,T30-VF.bcde,VF.e
286,T13-RU.bcde¤,RU.b
287,T13-RU.bcde¤,RU.c
288,T13-RU.bcde¤,RU.d
289,T13-RU.bcde¤,RU.e
290,T13-RU.bcde¤,RU.¤
291,M13-OM.b¤,OM.b
292,M13-OM.b¤,OM.¤
293,T22-JF.ab,JF.a
294,T22-JF.ab,JF.b
295,M1-VF.0ab,VF.0
296,M1-VF.0ab,VF.a
297,M1-VF.0ab,VF.b
298,M1-VF.cd,VF.c
299,M1-VF.cd,VF.d
300,M1-VF.ef,VF.e
301,M1-VF.ef,VF.f
302,M1-VF.gh,VF.g
303,M1-VF.gh,VF.h
304,M1-DL.a,DL.a
305,M1-DL.bc,DL.b
306,M1-DL.bc,DL.c
307,M1-DL.d,DL.d
308,M1-SA.a,SA.a
309,M1-SA.bc,SA.b
310,M1-SA.bc,SA.c
311,M1-SA.def,SA.d
312,M1-SA.def,SA.e
313,M1-SA.def,SA.f
314,M1-HF.0ab,HF.0
315,M1-HF.0ab,HF.a
316,M1-HF.0ab,HF.b
317,M1-HF.+,HF.+
318,M1-S1.a,S1.a
319,M1-S1.b,S1.b
320,M1-IF.0ab,IF.0
321,M1-IF.0ab,IF.a
322,M1-IF.0ab,IF.b
323,M1-IF.¤,IF.¤
324,M1-VR.a,VR.a
325,M1-VR.b,VR.b
326,M1-RU.0ab,RU.0
327,M1-RU.0ab,RU.a
328,M1-RU.0ab,RU.b
329,M1-RU.cde,RU.c
330,M1-RU.cde,RU.d
331,M1-RU.cde,RU.e
332,M13-OM.b,OM.b
333,M13-OM.¤,OM.¤
334,M13-DL.abcd,DL.a
335,M13-DL.abcd,DL.b
336,M13-DL.abcd,DL.c
337,M13-DL.abcd,DL.d
338,M13-DL.e+,DL.e
339,M13-DL.e+,DL.+
340,F1-VF.bcde,VF.b
341,F1-VF.bcde,VF.c
342,F1-VF.bcde,VF.d
343,F1-VF.bcde,VF.e
344,F1-VF.fgh¤,VF.f
345,F1-VF.fgh¤,VF.g
346,F1-VF.fgh¤,VF.h
347,F1-VF.fgh¤,VF.¤
348,F1-HU.0a,HU.0
349,F1-HU.0a,HU.a
350,F1-HU.bcd,HU.b
351,F1-HU.bcd,HU.c
352,F1-HU.bcd,HU.d
353,F1-KA.abcde,KA.a
354,F1-KA.abcde,KA.b
355,F1-KA.abcde,KA.c
356,F1-KA.abcde,KA.d
357,F1-KA.abcde,KA.e
358,F1-KA.fghi,KA.f
359,F1-KA.fghi,KA.g
360,F1-KA.fghi,KA.h
361,F1-KA.fghi,KA.i
362,F1-TU.0,TU.0
363,F1-TU.a,TU.a
364,L2-S3E.0abc,S3E.0
365,L2-S3E.0abc,S3E.a
366,L2-S3E.0abc,S3E.b
367,L2-S3E.0abc,S3E.c
368,L2-S3E.d,S3E.d
369,L2-S3E.e,S3E.e
370,L2-S3F.0ab,S3F.0
371,L2-S3F.0ab,S3F.a
372,L2-S3F.0ab,S3F.b
373,L2-S3F.c¤,S3F.c
374,L2-S3F.c¤,S3F.¤
375,L2-S3S.0,S3S.0
376,L2-S3S.e,S3S.e
377,L2-KA.ab,KA.a
378,L2-KA.ab,KA.b
379,L2-KA.cde,KA.c
380,L2-KA.cde,KA.d
381,L2-KA.cde,KA.e
382,L2-KA.fghi,KA.f
383,L2-KA.fghi,KA.g
384,L2-KA.fghi,KA.h
385,L2-KA.fghi,KA.i
386,L2-IO.0a,IO.0
387,L2-IO.0a,IO.a
388,L2-IO.b¤,IO.b
389,L2-IO.b¤,IO.¤
390,L2-VT.ab,VT.a
391,L2-VT.ab,VT.b
392,L2-VT.c,VT.c
393,L2-SE.0ab,SE.0
394,L2-SE.0ab,SE.a
395,L2-SE.0ab,SE.b
396,L2-SE.¤,SE.¤
397,L2-VF.0abcde,VF.0
398,L2-VF.0abcde,VF.a
399,L2-VF.0abcde,VF.b
400,L2-VF.0abcde,VF.c
401,L2-VF.0abcde,VF.d
402,L2-VF.0abcde,VF.e
403,L2-VF.fgh¤,VF.f
404,L2-VF.fgh¤,VF.g
405,L2-VF.fgh¤,VF.h
406,L2-VF.fgh¤,VF.¤
407,L2-HU.0,HU.0
408,L2-HU.abcd,HU.a
409,L2-HU.abcd,HU.b
410,L2-HU.abcd,HU.c
411,L2-HU.abcd,HU.d
412,L2-DL.ab,DL.a
413,L2-DL.ab,DL.b
414,L2-DL.c,DL.c
415,L2-IF.0,IF.0
416,L2-IF.ab,IF.a
417,L2-IF.ab,IF.b
418,T4-BK.0,BK.0
419,T4-BK.a,BK.a
420,T4-HI.0,HI.0
421,T4-HI.a,HI.a
422,T4-SU.0,SU.0
423,T4-SU.a,SU.a
424,T4-RU.0,RU.0
425,T4-RU.a,RU.a
426,T4-SS.h,SS.h
427,T4-SS.i,SS.i
428,T4-SS.+,SS.+
429,T4-S1.0,S1.0
430,T4-S1.bc,S1.b
431,T4-S1.bc,S1.c
432,T4-S1.de,S1.d
433,T4-S1.de,S1.e
434,T4-S1.fg,S1.f
435,T4-S1.fg,S1.g
436,T4-S1.hi,S1.h
437,T4-S1.hi,S1.i
438,T4-VM.0a,VM.0
439,T4-VM.0a,VM.a
440,T4-VM.b,VM.b
441,T4-VS.0,VS.0
442,T4-VS.a,VS.a
443,T4-SA.0,SA.0
444,T4-SA.ab,SA.a
445,T4-SA.ab,SA.b
446,T4-UE.0a,UE.0
447,T4-UE.0a,UE.a
448,T4-UE.bcdefg,UE.b
449,T4-UE.bcdefg,UE.c
450,T4-UE.bcdefg,UE.d
451,T4-UE.bcdefg,UE.e
452,T4-UE.bcdefg,UE.f
453,T4-UE.bcdefg,UE.g
454,V11-KA.abcd,KA.a
455,V11-KA.abcd,KA.b
456,V11-KA.abcd,KA.c
457,V11-KA.abcd,KA.d
458,V11-KA.efghi,KA.e
459,V11-KA.efghi,KA.f
460,V11-KA.efghi,KA.g
461,V11-KA.efghi,KA.h
462,V11-KA.efghi,KA.i
463,T9-KA.cde,KA.c
464,T9-KA.cde,KA.d
465,T9-KA.cde,KA.e
466,T9-KA.fghi,KA.f
467,T9-KA.fghi,KA.g
468,T9-KA.fghi,KA.h
469,T9-KA.fghi,KA.i
470,T9-VM.0a,VM.0
471,T9-VM.0a,VM.a
472,T9-VM.b,VM.b
473,V12-VT.0,VT.0
474,V12-VT.a,VT.a
475,V12-KA.abcd,KA.a
476,V12-KA.abcd,KA.b
477,V12-KA.abcd,KA.c
478,V12-KA.abcd,KA.d
479,V12-KA.efghi,KA.e
480,V12-KA.efghi,KA.f
481,V12-KA.efghi,KA.g
482,V12-KA.efghi,KA.h
483,V12-KA.efghi,KA.i
484,T3-KA.abc,KA.a
485,T3-KA.abc,KA.b
486,T3-KA.abc,KA.c
487,T3-KA.de,KA.d
488,T3-KA.de,KA.e
489,T3-KA.fg,KA.f
490,T3-KA.fg,KA.g
491,T3-KA.hi,KA.h
492,T3-KA.hi,KA.i
493,T3-UF.bc,UF.b
494,T3-UF.bc,UF.c
495,T3-UF.de,UF.d
496,T3-UF.de,UF.e
497,T3-UF.fg,UF.f
498,T3-UF.fg,UF.g
499,T3-KI.0a,KI.0
500,T3-KI.0a,KI.a
501,T3-KI.bc,KI.b
502,T3-KI.bc,KI.c
503,T3-BK.0,BK.0
504,T3-BK.a,BK.a
505,T3-HI.0,HI.0
506,T3-HI.a,HI.a
507,T3-RU.0,RU.0
508,T3-RU.a,RU.a
509,T3-VM.0a,VM.0
510,T3-VM.0a,VM.a
511,T3-VM.b,VM.b
512,T38-UF.ab,UF.a
513,T38-UF.ab,UF.b
514,T38-UF.cde,UF.c
515,T38-UF.cde,UF.d
516,T38-UF.cde,UF.e
517,T38-KA.bcde,KA.b
518,T38-KA.bcde,KA.c
519,T38-KA.bcde,KA.d
520,T38-KA.bcde,KA.e
521,T38-KA.fgh,KA.f
522,T38-KA.fgh,KA.g
523,T38-KA.fgh,KA.h
524,L3-KA.abcde,KA.a
525,L3-KA.abcde,KA.b
526,L3-KA.abcde,KA.c
527,L3-KA.abcde,KA.d
528,L3-KA.abcde,KA.e
529,L3-KA.fghi,KA.f
530,L3-KA.fghi,KA.g
531,L3-KA.fghi,KA.h
532,L3-KA.fghi,KA.i
533,L3-IO.0a,IO.0
534,L3-IO.0a,IO.a
535,L3-IO.bc,IO.b
536,L3-IO.bc,IO.c
537,L5-KT.a,KT.a
538,L5-KT.b,KT.b
539,L5-KT.c,KT.c
540,L5-KA.cde,KA.c
541,L5-KA.cde,KA.d
542,L5-KA.cde,KA.e
543,L5-KA.fghi,KA.f
544,L5-KA.fghi,KA.g
545,L5-KA.fghi,KA.h
546,L5-KA.fghi,KA.i
547,L5-S3E.0abcd,S3E.0
548,L5-S3E.0abcd,S3E.a
549,L5-S3E.0abcd,S3E.b
550,L5-S3E.0abcd,S3E.c
551,L5-S3E.0abcd,S3E.d
552,L5-S3F.0ab,S3F.0
553,L5-S3F.0ab,S3F.a
554,L5-S3F.0ab,S3F.b
555,L5-S3F.c¤,S3F.c
556,L5-S3F.c¤,S3F.¤
557,L5-S3S.0,S3S.0
558,L5-S3S.e,S3S.e
559,L5-VF.0abcde,VF.0
560,L5-VF.0abcde,VF.a
561,L5-VF.0abcde,VF.b
562,L5-VF.0abcde,VF.c
563,L5-VF.0abcde,VF.d
564,L5-VF.0abcde,VF.e
565,L5-VF.fghi,VF.f
566,L5-VF.fghi,VF.g
567,L5-VF.fghi,VF.h
568,L5-VF.fghi,VF.i
569,T20-KA.cde,KA.c
570,T20-KA.cde,KA.d
571,T20-KA.cde,KA.e
572,T20-KA.fgh,KA.f
573,T20-KA.fgh,KA.g
574,T20-KA.fgh,KA.h
575,T27-SV.0,SV.0
576,T27-SV.abcdef,SV.a
577,T27-SV.abcdef,SV.b
578,T27-SV.abcdef,SV.c
579,T27-SV.abcdef,SV.d
580,T27-SV.abcdef,SV.e
581,T27-SV.abcdef,SV.f
582,T27-SV.g,SV.g
583,T27-KA.abcde,KA.a
584,T27-KA.abcde,KA.b
585,T27-KA.abcde,KA.c
586,T27-KA.abcde,KA.d
587,T27-KA.abcde,KA.e
588,T27-KA.fghi,KA.f
589,T27-KA.fghi,KA.g
590,T27-KA.fghi,KA.h
591,T27-KA.fghi,KA.i
592,T27-VI.0a,VI.0
593,T27-VI.0a,VI.a
594,T27-VI.bc,VI.b
595,T27-VI.bc,VI.c
596,T27-LA.0abcd,LA.0
597,T27-LA.0abcd,LA.a
598,T27-LA.0abcd,LA.b
599,T27-LA.0abcd,LA.c
600,T27-LA.0abcd,LA.d
601,T27-LA.ef+,LA.e
602,T27-LA.ef+,LA.f
603,T27-LA.ef+,LA.+
604,T27-BK.0,BK.0
605,T27-BK.a,BK.a
606,T27-BK.b,BK.b
607,T27-S1.b,S1.b
608,T27-S1.c,S1.c
609,T27-UE.abc,UE.a
610,T27-UE.abc,UE.b
611,T27-UE.abc,UE.c
612,T27-UE.defg,UE.d
613,T27-UE.defg,UE.e
614,T27-UE.defg,UE.f
615,T27-UE.defg,UE.g
616,T8-NG.ab,NG.a
617,T8-NG.ab,NG.b
618,T8-NG.cd,NG.c
619,T8-NG.cd,NG.d
620,T8-NG.¤,NG.¤
621,T8-KI.0a,KI.0
622,T8-KI.0a,KI.a
623,T8-KI.bc,KI.b
624,T8-KI.bc,KI.c
625,T8-UF.abcd,UF.a
626,T8-UF.abcd,UF.b
627,T8-UF.abcd,UF.c
628,T8-UF.abcd,UF.d
629,T8-UF.efgh,UF.e
630,T8-UF.efgh,UF.f
631,T8-UF.efgh,UF.g
632,T8-UF.efgh,UF.h
633,T8-KA.cde,KA.c
634,T8-KA.cde,KA.d
635,T8-KA.cde,KA.e
636,T8-KA.fghi,KA.f
637,T8-KA.fghi,KA.g
638,T8-KA.fghi,KA.h
639,T8-KA.fghi,KA.i
640,T8-HI.0,HI.0
641,T8-HI.a,HI.a
642,V6-SV.ab,SV.a
643,V6-SV.ab,SV.b
644,V6-SV.cd,SV.c
645,V6-SV.cd,SV.d
646,V6-SV.ef,SV.e
647,V6-SV.ef,SV.f
648,V6-KA.cdef,KA.c
649,V6-KA.cdef,KA.d
650,V6-KA.cdef,KA.e
651,V6-KA.cdef,KA.f
652,V6-KA.ghi,KA.g
653,V6-KA.ghi,KA.h
654,V6-KA.ghi,KA.i
655,V6-KI.bc,KI.b
656,V6-KI.bc,KI.c
657,V6-KI.de,KI.d
658,V6-KI.de,KI.e
659,T31-KA.abc,KA.a
660,T31-KA.abc,KA.b
661,T31-KA.abc,KA.c
662,T31-KA.de,KA.d
663,T31-KA.de,KA.e
664,T31-KA.fg,KA.f
665,T31-KA.fg,KA.g
666,T31-KA.hi,KA.h
667,T31-KA.hi,KA.i
668,T31-UF.bc,UF.b
669,T31-UF.bc,UF.c
670,T31-UF.de,UF.d
671,T31-UF.de,UF.e
672,T31-UF.fgh,UF.f
673,T31-UF.fgh,UF.g
674,T31-UF.fgh,UF.h
675,T31-KI.0a,KI.0
676,T31-KI.0a,KI.a
677,T31-KI.bc,KI.b
678,T31-KI.bc,KI.c
679,T31-BK.0,BK.0
680,T31-BK.a,BK.a
681,T31-HI.0,HI.0
682,T31-HI.a,HI.a
683,T31-VM.0a,VM.0
684,T31-VM.0a,VM.a
685,T31-VM.b,VM.b
686,T33-TV.fgh,TV.f
687,T33-TV.fgh,TV.g
688,T33-TV.fgh,TV.h
689,T33-TV.ijk,TV.i
690,T33-TV.ijk,TV.j
691,T33-TV.ijk,TV.k
692,T33-SA.abc,SA.a
693,T33-SA.abc,SA.b
694,T33-SA.abc,SA.c
695,T33-SA.def,SA.d
696,T33-SA.def,SA.e
697,T33-SA.def,SA.f
698,T33-SP.0,SP.0
699,T33-SP.a,SP.a
700,T33-VM.0a,VM.0
701,T33-VM.0a,VM.a
702,T33-VM.b,VM.b
703,T33-S1.de,S1.d
704,T33-S1.de,S1.e
705,T33-S1.hi,S1.h
706,T33-S1.hi,S1.i
707,T33-HI.bc,HI.b
708,T33-HI.bc,HI.c
709,T33-HI.de,HI.d
710,T33-HI.de,HI.e
711,F2-SM.bc,SM.b
712,F2-SM.bc,SM.c
713,F2-SM.def,SM.d
714,F2-SM.def,SM.e
715,F2-SM.def,SM.f
716,F2-SM.ghi,SM.g
717,F2-SM.ghi,SM.h
718,F2-SM.ghi,SM.i
719,F2-SM.¤,SM.¤
720,F2-KA.ab,KA.a
721,F2-KA.ab,KA.b
722,F2-KA.cde,KA.c
723,F2-KA.cde,KA.d
724,F2-KA.cde,KA.e
725,F2-KA.fghi,KA.f
726,F2-KA.fghi,KA.g
727,F2-KA.fghi,KA.h
728,F2-KA.fghi,KA.i
729,F2-TU.0,TU.0
730,F2-TU.a,TU.a
731,F2-HU.0a,HU.0
732,F2-HU.0a,HU.a
733,F2-HU.bcd,HU.b
734,F2-HU.bcd,HU.c
735,F2-HU.bcd,HU.d
736,F2-KO.0,KO.0
737,F2-KO.+,KO.+
738,H1-DM.0,DM.0
739,H1-DM.a,DM.a
740,H1-DM.bcd,DM.b
741,H1-DM.bcd,DM.c
742,H1-DM.bcd,DM.d
743,H1-DM.ef,DM.e
744,H1-DM.ef,DM.f
745,H1-KY.0,KY.0
746,H1-KY.a,KY.a
747,H1-JV.0a,JV.0
748,H1-JV.0a,JV.a
749,H1-JV.bcde¤,JV.b
750,H1-JV.bcde¤,JV.c
751,H1-JV.bcde¤,JV.d
752,H1-JV.bcde¤,JV.e
753,H1-JV.bcde¤,JV.¤
754,M9-SM.gh,SM.g
755,M9-SM.gh,SM.h
756,M9-SM.i,SM.i
757,M9-SM.¤,SM.¤
758,M9-TV.cdefgh,TV.c
759,M9-TV.cdefgh,TV.d
760,M9-TV.cdefgh,TV.e
761,M9-TV.cdefgh,TV.f
762,M9-TV.cdefgh,TV.g
763,M9-TV.cdefgh,TV.h
764,M9-TV.ij,TV.i
765,M9-TV.ij,TV.j
766,M9-TV.k,TV.k
767,M9-SE.0a,SE.0
768,M9-SE.0a,SE.a
769,M9-SE.b,SE.b
770,T7-KA.a,KA.a
771,T7-KA.bc,KA.b
772,T7-KA.bc,KA.c
773,T7-KA.de,KA.d
774,T7-KA.de,KA.e
775,T7-KA.fg,KA.f
776,T7-KA.fg,KA.g
777,T7-KA.hi,KA.h
778,T7-KA.hi,KA.i
779,T7-SV.ab,SV.a
780,T7-SV.ab,SV.b
781,T7-SV.cd,SV.c
782,T7-SV.cd,SV.d
783,T7-SV.ef,SV.e
784,T7-SV.ef,SV.f
785,T7-SV.g,SV.g
786,T7-KI.0a,KI.0
787,T7-KI.0a,KI.a
788,T7-KI.bc,KI.b
789,T7-KI.bc,KI.c
790,T7-VM.0a,VM.0
791,T7-VM.0a,VM.a
792,T7-VM.b,VM.b
793,T7-HI.0,HI.0
794,T7-HI.a,HI.a
795,T7-S1.bc,S1.b
796,T7-S1.bc,S1.c
797,T7-S1.defg,S1.d
798,T7-S1.defg,S1.e
799,T7-S1.defg,S1.f
800,T7-S1.defg,S1.g
801,T32-KA.bc,KA.b
802,T32-KA.bc,KA.c
803,T32-KA.de,KA.d
804,T32-KA.de,KA.e
805,T32-KA.fg,KA.f
806,T32-KA.fg,KA.g
807,T32-KA.hi,KA.h
808,T32-KA.hi,KA.i
809,T32-HI.b,HI.b
810,T32-HI.cd,HI.c
811,T32-HI.cd,HI.d
812,T32-HI.e,HI.e
813,T32-KI.0a,KI.0
814,T32-KI.0a,KI.a
815,T32-KI.bc,KI.b
816,T32-KI.bc,KI.c
817,T32-UF.ab,UF.a
818,T32-UF.ab,UF.b
819,T32-UF.cde,UF.c
820,T32-UF.cde,UF.d
821,T32-UF.cde,UF.e
822,T32-SS.fghi,SS.f
823,T32-SS.fghi,SS.g
824,T32-SS.fghi,SS.h
825,T32-SS.fghi,SS.i
826,T32-SS.jk+,SS.j
827,T32-SS.jk+,SS.k
828,T32-SS.jk+,SS.+
829,T32-SP.0,SP.0
830,T32-SP.a,SP.a
831,T32-VM.0a,VM.0
832,T32-VM.0a,VM.a
833,T32-VM.b,VM.b
834,T44-KA.cde,KA.c
835,T44-KA.cde,KA.d
836,T44-KA.cde,KA.e
837,T44-KA.fgh,KA.f
838,T44-KA.fgh,KA.g
839,T44-KA.fgh,KA.h
840,T44-S1.0,S1.0
841,T44-S1.efg,S1.e
842,T44-S1.efg,S1.f
843,T44-S1.efg,S1.g
844,T44-S1.hi,S1.h
845,T44-S1.hi,S1.i
846,T44-VM.0a,VM.0
847,T44-VM.0a,VM.a
848,T44-VM.b,VM.b
849,V4-KA.cd,KA.c
850,V4-KA.cd,KA.d
851,V4-KA.ef,KA.e
852,V4-KA.ef,KA.f
853,V4-KA.ghi,KA.g
854,V4-KA.ghi,KA.h
855,V4-KA.ghi,KA.i
856,V4-KI.de,KI.d
857,V4-KI.de,KI.e
858,V4-KI.¤,KI.¤
859,V4-KT.a,KT.a
860,V4-KT.b,KT.b
861,V4-HI.0,HI.0
862,V4-HI.a,HI.a
863,V13-HS-V13.A,HS-V13.A
864,V13-HS-V13.B,HS-V13.B
865,V13-HS-V13.C,HS-V13.C
866,V13-HS-V13.D,HS-V13.D
867,V13-IO.0a,IO.0
868,V13-IO.0a,IO.a
869,V13-IO.b¤,IO.b
870,V13-IO.b¤,IO.¤
871,V13-KA.abcd,KA.a
872,V13-KA.abcd,KA.b
873,V13-KA.abcd,KA.c
874,V13-KA.abcd,KA.d
875,V13-KA.efgh,KA.e
876,V13-KA.efgh,KA.f
877,V13-KA.efgh,KA.g
878,V13-KA.efgh,KA.h
879,V1-KA.ab,KA.a
880,V1-KA.ab,KA.b
881,V1-KA.cd,KA.c
882,V1-KA.cd,KA.d
883,V1-KA.ef,KA.e
884,V1-KA.ef,KA.f
885,V1-KA.gh,KA.g
886,V1-KA.gh,KA.h
887,V1-KA.i,KA.i
888,V1-TV.cd,TV.c
889,V1-TV.cd,TV.d
890,V1-TV.ef,TV.e
891,V1-TV.ef,TV.f
892,V1-TV.gh,TV.g
893,V1-TV.gh,TV.h
894,V1-TV.ij,TV.i
895,V1-TV.ij,TV.j
896,V1-TV.k,TV.k
897,V1-MF.cd,MF.c
898,V1-MF.cd,MF.d
899,V1-MF.ef,MF.e
900,V1-MF.ef,MF.f
901,V1-KI.0,KI.0
902,V1-KI.bc,KI.b
903,V1-KI.bc,KI.c
904,V1-SA.0a,SA.0
905,V1-SA.0a,SA.a
906,V1-SA.bcd,SA.b
907,V1-SA.bcd,SA.c
908,V1-SA.bcd,SA.d
909,V1-VT.0,VT.0
910,V1-VT.b,VT.b
911,V1-TE.0,TE.0
912,V1-TE.¤,TE.¤
913,T35-S1.0,S1.0
914,T35-S1.cde,S1.c
915,T35-S1.cde,S1.d
916,T35-S1.cde,S1.e
917,T35-S1.fg,S1.f
918,T35-S1.fg,S1.g
919,T35-S1.hi,S1.h
920,T35-S1.hi,S1.i
921,T35-KA.bcde,KA.b
922,T35-KA.bcde,KA.c
923,T35-KA.bcde,KA.d
924,T35-KA.bcde,KA.e
925,T35-KA.fgh,KA.f
926,T35-KA.fgh,KA.g
927,T35-KA.fgh,KA.h
928,T10-VI.0,VI.0
929,T10-VI.abc,VI.a
930,T10-VI.abc,VI.b
931,T10-VI.abc,VI.c
932,T22-KA.bcde,KA.b
933,T22-KA.bcde,KA.c
934,T22-KA.bcde,KA.d
935,T22-KA.bcde,KA.e
936,T22-KA.fgh,KA.f
937,T22-KA.fgh,KA.g
938,T22-KA.fgh,KA.h
939,T22-SV.0,SV.0
940,T22-SV.ab,SV.a
941,T22-SV.ab,SV.b
942,T22-VM.0a,VM.0
943,T22-VM.0a,VM.a
944,T22-VM.b,VM.b
945,V10-KA.cde,KA.c
946,V10-KA.cde,KA.d
947,V10-KA.cde,KA.e
948,V10-KA.fgh,KA.f
949,V10-KA.fgh,KA.g
950,V10-KA.fgh,KA.h
951,V10-KI.0a,KI.0
952,V10-KI.0a,KI.a
953,V10-KI.bc,KI.b
954,V10-KI.bc,KI.c
955,V10-SP.0,SP.0
956,V10-SP.a,SP.a
957,T13-KA.abc,KA.a
958,T13-KA.abc,KA.b
959,T13-KA.abc,KA.c
960,T13-KA.defg,KA.d
961,T13-KA.defg,KA.e
962,T13-KA.defg,KA.f
963,T13-KA.defg,KA.g
964,T13-KA.hi,KA.h
965,T13-KA.hi,KA.i
966,T13-S1.b,S1.b
967,T13-S1.c,S1.c
968,T13-S1.def,S1.d
969,T13-S1.def,S1.e
970,T13-S1.def,S1.f
971,T13-UE.abc,UE.a
972,T13-UE.abc,UE.b
973,T13-UE.abc,UE.c
974,T13-UE.defg,UE.d
975,T13-UE.defg,UE.e
976,T13-UE.defg,UE.f
977,T13-UE.defg,UE.g
978,T13-RU.bcde,RU.b
979,T13-RU.bcde,RU.c
980,T13-RU.bcde,RU.d
981,T13-RU.bcde,RU.e
982,T13-RU.¤,RU.¤
983,T13-BK.0,BK.0
984,T13-BK.a,BK.a
985,T13-VI.0a,VI.0
986,T13-VI.0a,VI.a
987,T13-VI.bc,VI.b
988,T13-VI.bc,VI.c
989,T16-KA.abc,KA.a
990,T16-KA.abc,KA.b
991,T16-KA.abc,KA.c
992,T16-KA.de,KA.d
993,T16-KA.de,KA.e
994,T16-KA.fg,KA.f
995,T16-KA.fg,KA.g
996,T16-KA.hi,KA.h
997,T16-KA.hi,KA.i
998,T16-RU.bc,RU.b
999,T16-RU.bc,RU.c
1000,T16-RU.de,RU.d
1001,T16-RU.de,RU.e
1002,T16-KI.0a,KI.0
1003,T16-KI.0a,KI.a
1004,T16-KI.bc,KI.b
1005,T16-KI.bc,KI.c
1006,T16-UF.bcd,UF.b
1007,T16-UF.bcd,UF.c
1008,T16-UF.bcd,UF.d
1009,T16-UF.efgh,UF.e
1010,T16-UF.efgh,UF.f
1011,T16-UF.efgh,UF.g
1012,T16-UF.efgh,UF.h
1013,T16-HI.0,HI.0
1014,T16-HI.a,HI.a
1015,T16-BK.0,BK.0
1016,T16-BK.a,BK.a
1017,T16-VI.0a,VI.0
1018,T16-VI.0a,VI.a
1019,T16-VI.bc,VI.b
1020,T16-VI.bc,VI.c
1021,T16-VM.a0,VM.a
1022,T16-VM.a0,VM.0
1023,T16-VM.b,VM.b
1024,T17-S1.0,S1.0
1025,T17-S1.de,S1.d
1026,T17-S1.de,S1.e
1027,T17-S1.fg,S1.f
1028,T17-S1.fg,S1.g
1029,T17-S1.hi,S1.h
1030,T17-S1.hi,S1.i
1031,T17-SU.b,SU.b
1032,T17-SU.c,SU.c
1033,T17-KA.bcde,KA.b
1034,T17-KA.bcde,KA.c
1035,T17-KA.bcde,KA.d
1036,T17-KA.bcde,KA.e
1037,T17-KA.fgh,KA.f
1038,T17-KA.fgh,KA.g
1039,T17-KA.fgh,KA.h
1040,T17-KI.0a,KI.0
1041,T17-KI.0a,KI.a
1042,T17-KI.bc,KI.b
1043,T17-KI.bc,KI.c
1044,M15-S3E.0abcd,S3E.0
1045,M15-S3E.0abcd,S3E.a
1046,M15-S3E.0abcd,S3E.b
1047,M15-S3E.0abcd,S3E.c
1048,M15-S3E.0abcd,S3E.d
1049,M15-S3E.e,S3E.e
1050,M15-S3F.0ab,S3F.0
1051,M15-S3F.0ab,S3F.a
1052,M15-S3F.0ab,S3F.b
1053,M15-S3F.c¤,S3F.c
1054,M15-S3F.c¤,S3F.¤
1055,M15-HS-M15.A,HS-M15.A
1056,M15-HS-M15.B,HS-M15.B
1057,M15-DL.0,DL.0
1058,M15-DL.abcd,DL.a
1059,M15-DL.abcd,DL.b
1060,M15-DL.abcd,DL.c
1061,M15-DL.abcd,DL.d
1062,M15-DL.e+,DL.e
1063,M15-DL.e+,DL.+
1064,M15-SA.abc,SA.a
1065,M15-SA.abc,SA.b
1066,M15-SA.abc,SA.c
1067,M15-SA.def,SA.d
1068,M15-SA.def,SA.e
1069,M15-SA.def,SA.f
1070,T6-TV.i,TV.i
1071,T6-TV.j,TV.j
1072,T6-TV.k,TV.k
1073,T6-KA.bcde,KA.b
1074,T6-KA.bcde,KA.c
1075,T6-KA.bcde,KA.d
1076,T6-KA.bcde,KA.e
1077,T6-KA.fghi,KA.f
1078,T6-KA.fghi,KA.g
1079,T6-KA.fghi,KA.h
1080,T6-KA.fghi,KA.i
1081,T6-VF.0abcde,VF.0
1082,T6-VF.0abcde,VF.a
1083,T6-VF.0abcde,VF.b
1084,T6-VF.0abcde,VF.c
1085,T6-VF.0abcde,VF.d
1086,T6-VF.0abcde,VF.e
1087,T6-VF.fgh¤,VF.f
1088,T6-VF.fgh¤,VF.g
1089,T6-VF.fgh¤,VF.h
1090,T6-VF.fgh¤,VF.¤
1091,T6-HF.0ab,HF.0
1092,T6-HF.0ab,HF.a
1093,T6-HF.0ab,HF.b
1094,T6-HF.+,HF.+
1095,T6-IF.0ab,IF.0
1096,T6-IF.0ab,IF.a
1097,T6-IF.0ab,IF.b
1098,T6-IF.¤,IF.¤
1099,V7-KA.cdef,KA.c
1100,V7-KA.cdef,KA.d
1101,V7-KA.cdef,KA.e
1102,V7-KA.cdef,KA.f
1103,V7-KA.ghi,KA.g
1104,V7-KA.ghi,KA.h
1105,V7-KA.ghi,KA.i
1106,V7-TV.c,TV.c
1107,V7-TV.d,TV.d
1108,M4-S3E.0a,S3E.0
1109,M4-S3E.0a,S3E.a
1110,M4-S3E.b,S3E.b
1111,M4-S3E.c,S3E.c
1112,M4-S3E.d,S3E.d
1113,M4-S3E.e,S3E.e
1114,M4-S3F.0a,S3F.0
1115,M4-S3F.0a,S3F.a
1116,M4-S3F.bc,S3F.b
1117,M4-S3F.bc,S3F.c
1118,M4-S3F.¤,S3F.¤
1119,M4-S3S.0,S3S.0
1120,M4-S3S.a,S3S.a
1121,M4-S3S.b,S3S.b
1122,M4-DL.abc,DL.a
1123,M4-DL.abc,DL.b
1124,M4-DL.abc,DL.c
1125,M4-DL.d,DL.d
1126,M4-SA.abc,SA.a
1127,M4-SA.abc,SA.b
1128,M4-SA.abc,SA.c
1129,M4-SA.de,SA.d
1130,M4-SA.de,SA.e
1131,M4-TV.0,TV.0
1132,M4-TV.ab,TV.a
1133,M4-TV.ab,TV.b
1134,M4-IO.0ab,IO.0
1135,M4-IO.0ab,IO.a
1136,M4-IO.0ab,IO.b
1137,M4-IO.¤,IO.¤
1138,M4-KA.efg,KA.e
1139,M4-KA.efg,KA.f
1140,M4-KA.efg,KA.g
1141,M4-KA.hi,KA.h
1142,M4-KA.hi,KA.i
1143,M4-SE.0ab,SE.0
1144,M4-SE.0ab,SE.a
1145,M4-SE.0ab,SE.b
1146,M4-SE.¤,SE.¤
1147,T39-HS-T39.A,HS-T39.A
1148,T39-HS-T39.B,HS-T39.B
1149,T39-HS-T39.C,HS-T39.C
1150,T39-HS-T39.D,HS-T39.D
1151,T39-KA.0ab,KA.0
1152,T39-KA.0ab,KA.a
1153,T39-KA.0ab,KA.b
1154,T39-KA.cdef,KA.c
1155,T39-KA.cdef,KA.d
1156,T39-KA.cdef,KA.e
1157,T39-KA.cdef,KA.f
1158,L7-HS-L7.A,HS-L7.A
1159,L7-HS-L7.B,HS-L7.B
1160,L7-HS-L7.C,HS-L7.C
1161,L7-DL.abc,DL.a
1162,L7-DL.abc,DL.b
1163,L7-DL.abc,DL.c
1164,L7-DL.de+,DL.d
1165,L7-DL.de+,DL.e
1166,L7-DL.de+,DL.+
1167,V2-KA.abcd,KA.a
1168,V2-KA.abcd,KA.b
1169,V2-KA.abcd,KA.c
1170,V2-KA.abcd,KA.d
1171,V2-KA.ef,KA.e
1172,V2-KA.ef,KA.f
1173,V2-KA.ghi,KA.g
1174,V2-KA.ghi,KA.h
1175,V2-KA.ghi,KA.i
1176,V2-TV.cdef,TV.c
1177,V2-TV.cdef,TV.d
1178,V2-TV.cdef,TV.e
1179,V2-TV.cdef,TV.f
1180,V2-TV.ghijk,TV.g
1181,V2-TV.ghijk,TV.h
1182,V2-TV.ghijk,TV.i
1183,V2-TV.ghijk,TV.j
1184,V2-TV.ghijk,TV.k
1185,V2-KI.0a,KI.0
1186,V2-KI.0a,KI.a
1187,V2-KI.bc,KI.b
1188,V2-KI.bc,KI.c
1189,M12-JV.ab,JV.a
1190,M12-JV.ab,JV.b
1191,M12-JV.cd,JV.c
1192,M12-JV.cd,JV.d
1193,M12-JV.e¤,JV.e
1194,M12-JV.e¤,JV.¤
1195,M12-DM.0,DM.0
1196,M12-DM.a,DM.a
1197,M12-DM.bcdef,DM.b
1198,M12-DM.bcdef,DM.c
1199,M12-DM.bcdef,DM.d
1200,M12-DM.bcdef,DM.e
1201,M12-DM.bcdef,DM.f
1202,F4-SY.a,SY.a
1203,F4-SY.b,SY.b
1204,F4-SY.c,SY.c
1205,F4-VF.bcde,VF.b
1206,F4-VF.bcde,VF.c
1207,F4-VF.bcde,VF.d
1208,F4-VF.bcde,VF.e
1209,F4-VF.fgh¤,VF.f
1210,F4-VF.fgh¤,VF.g
1211,F4-VF.fgh¤,VF.h
1212,F4-VF.fgh¤,VF.¤
1213,F4-HU.0a,HU.0
1214,F4-HU.0a,HU.a
1215,F4-HU.bcd,HU.b
1216,F4-HU.bcd,HU.c
1217,F4-HU.bcd,HU.d
1218,F4-KA.abcde,KA.a
1219,F4-KA.abcde,KA.b
1220,F4-KA.abcde,KA.c
1221,F4-KA.abcde,KA.d
1222,F4-KA.abcde,KA.e
1223,F4-KA.fghi,KA.f
1224,F4-KA.fghi,KA.g
1225,F4-KA.fghi,KA.h
1226,F4-KA.fghi,KA.i
1227,F4-TU.0,TU.0
1228,F4-TU.a,TU.a
1229,T34-KA.abc,KA.a
1230,T34-KA.abc,KA.b
1231,T34-KA.abc,KA.c
1232,T34-KA.de,KA.d
1233,T34-KA.de,KA.e
1234,T34-KA.fg,KA.f
1235,T34-KA.fg,KA.g
1236,T34-KA.hi,KA.h
1237,T34-KA.hi,KA.i
1238,T34-UF.bc,UF.b
1239,T34-UF.bc,UF.c
1240,T34-UF.de,UF.d
1241,T34-UF.de,UF.e
1242,T34-UF.fgh,UF.f
1243,T34-UF.fgh,UF.g
1244,T34-UF.fgh,UF.h
1245,T34-VM.0,VM.0
1246,T34-VM.ab,VM.a
1247,T34-VM.ab,VM.b
1248,T34-BK.0,BK.0
1249,T34-BK.a,BK.a
1250,L8-HS-L8.A,HS-L8.A
1251,L8-HS-L8.B,HS-L8.B
1252,L8-HS-L8.C,HS-L8.C
1253,L8-HS-L8.D,HS-L8.D
1254,L8-HS-L8.E,HS-L8.E
1255,L8-HS-L8.F,HS-L8.F
1256,L8-HS-L8.G,HS-L8.G
1257,L8-HS-L8.H,HS-L8.H
1258,L8-DL.abc,DL.a
1259,L8-DL.abc,DL.b
1260,L8-DL.abc,DL.c
1261,L8-DL.de+,DL.d
1262,L8-DL.de+,DL.e
1263,L8-DL.de+,DL.+
1264,T2-KA.abc,KA.a
1265,T2-KA.abc,KA.b
1266,T2-KA.abc,KA.c
1267,T2-KA.de,KA.d
1268,T2-KA.de,KA.e
1269,T2-KA.fg,KA.f
1270,T2-KA.fg,KA.g
1271,T2-KA.hi,KA.h
1272,T2-KA.hi,KA.i
1273,T2-UF.def,UF.d
1274,T2-UF.def,UF.e
1275,T2-UF.def,UF.f
1276,T2-UF.gh,UF.g
1277,T2-UF.gh,UF.h
1278,T2-VM.0a,VM.0
1279,T2-VM.0a,VM.a
1280,T2-VM.b,VM.b
1281,T2-HI.0,HI.0
1282,T2-HI.a,HI.a
1283,T2-BK.0,BK.0
1284,T2-BK.a,BK.a
1285,T25-S1.0,S1.0
1286,T25-S1.de,S1.d
1287,T25-S1.de,S1.e
1288,T25-S1.fg,S1.f
1289,T25-S1.fg,S1.g
1290,T25-S1.hi,S1.h
1291,T25-S1.hi,S1.i
1292,T25-KA.bcde,KA.b
1293,T25-KA.bcde,KA.c
1294,T25-KA.bcde,KA.d
1295,T25-KA.bcde,KA.e
1296,T25-KA.fgh,KA.f
1297,T25-KA.fgh,KA.g
1298,T25-KA.fgh,KA.h
1299,T25-KI.0a,KI.0
1300,T25-KI.0a,KI.a
1301,T25-KI.bc,KI.b
1302,T25-KI.bc,KI.c
1303,T24-VF.cd,VF.c
1304,T24-VF.cd,VF.d
1305,T24-VF.e,VF.e
1306,T24-VF.f,VF.f
1307,T24-VM.0a,VM.0
1308,T24-VM.0a,VM.a
1309,T24-VM.b,VM.b
1310,V9-KA.bcd,KA.b
1311,V9-KA.bcd,KA.c
1312,V9-KA.bcd,KA.d
1313,V9-KA.ef,KA.e
1314,V9-KA.ef,KA.f
1315,V9-KA.ghi,KA.g
1316,V9-KA.ghi,KA.h
1317,V9-KA.ghi,KA.i
1318,V9-TV.def,TV.d
1319,V9-TV.def,TV.e
1320,V9-TV.def,TV.f
1321,V9-TV.ghi,TV.g
1322,V9-TV.ghi,TV.h
1323,V9-TV.ghi,TV.i
1324,V9-KI.0a,KI.0
1325,V9-KI.0a,KI.a
1326,V9-KI.bc,KI.b
1327,V9-KI.bc,KI.c
1328,V9-SP.0,SP.0
1329,V9-SP.a,SP.a
1330,T29-S1.c,S1.c
1331,T29-S1.de,S1.d
1332,T29-S1.de,S1.e
1333,T29-S1.j,S1.j
1334,T29-LA.0ab,LA.0
1335,T29-LA.0ab,LA.a
1336,T29-LA.0ab,LA.b
1337,T29-LA.cdef,LA.c
1338,T29-LA.cdef,LA.d
1339,T29-LA.cdef,LA.e
1340,T29-LA.cdef,LA.f
1341,T29-TV.ijk,TV.i
1342,T29-TV.ijk,TV.j
1343,T29-TV.ijk,TV.k
1344,T29-TV.l+,TV.l
1345,T29-TV.l+,TV.+
1346,T29-VI.abc,VI.a
1347,T29-VI.abc,VI.b
1348,T29-VI.abc,VI.c
1349,T29-VI.¤,VI.¤
1350,T29-HI.0,HI.0
1351,T29-HI.a,HI.a
1352,T1-KA.ab,KA.a
1353,T1-KA.ab,KA.b
1354,T1-KA.cd,KA.c
1355,T1-KA.cd,KA.d
1356,T1-KA.ef,KA.e
1357,T1-KA.ef,KA.f
1358,T1-KA.gh,KA.g
1359,T1-KA.gh,KA.h
1360,T1-KA.i,KA.i
1361,T1-UE.0a,UE.0
1362,T1-UE.0a,UE.a
1363,T1-UE.bc,UE.b
1364,T1-UE.bc,UE.c
1365,T1-UE.de,UE.d
1366,T1-UE.de,UE.e
1367,T1-UE.fg,UE.f
1368,T1-UE.fg,UE.g
1369,T1-OR.0,OR.0
1370,T1-OR.ab,OR.a
1371,T1-OR.ab,OR.b
1372,T1-OR.c,OR.c
1373,T1-HF.0ab,HF.0
1374,T1-HF.0ab,HF.a
1375,T1-HF.0ab,HF.b
1376,T1-HF.+,HF.+
1377,T1-VF.a,VF.a
1378,T1-VF.bcdef,VF.b
1379,T1-VF.bcdef,VF.c
1380,T1-VF.bcdef,VF.d
1381,T1-VF.bcdef,VF.e
1382,T1-VF.bcdef,VF.f
1383,T1-VS.0abcd,VS.0
1384,T1-VS.0abcd,VS.a
1385,T1-VS.0abcd,VS.b
1386,T1-VS.0abcd,VS.c
1387,T1-VS.0abcd,VS.d
1388,T1-VS.+,VS.+
1389,T1-LA.0abcd,LA.0
1390,T1-LA.0abcd,LA.a
1391,T1-LA.0abcd,LA.b
1392,T1-LA.0abcd,LA.c
1393,T1-LA.0abcd,LA.d
1394,T1-LA.ef+,LA.e
1395,T1-LA.ef+,LA.f
1396,T1-LA.ef+,LA.+
1397,T1-NG.0a,NG.0
1398,T1-NG.0a,NG.a
1399,T1-NG.bcd¤,NG.b
1400,T1-NG.bcd¤,NG.c
1401,T1-NG.bcd¤,NG.d
1402,T1-NG.bcd¤,NG.¤
1403,T1-VI.0a,VI.0
1404,T1-VI.0a,VI.a
1405,T1-VI.bc,VI.b
1406,T1-VI.bc,VI.c
1407,T1-SV.0,SV.0
1408,T1-SV.abcd,SV.a
1409,T1-SV.abcd,SV.b
1410,T1-SV.abcd,SV.c
1411,T1-SV.abcd,SV.d
1412,T1-IF.0a,IF.0
1413,T1-IF.0a,IF.a
1414,T1-IF.b¤,IF.b
1415,T1-IF.b¤,IF.¤
1416,T1-BK.0,BK.0
1417,T1-BK.a,BK.a
1418,T1-BK.b,BK.b
1419,T1-BK.c,BK.c
1420,T1-BK.d,BK.d
1421,T40-KA.cde,KA.c
1422,T40-KA.cde,KA.d
1423,T40-KA.cde,KA.e
1424,T40-KA.fgh,KA.f
1425,T40-KA.fgh,KA.g
1426,T40-KA.fgh,KA.h
1427,T40-UF.ab,UF.a
1428,T40-UF.ab,UF.b
1429,T40-UF.cde,UF.c
1430,T40-UF.cde,UF.d
1431,T40-UF.cde,UF.e
1432,T40-SP.0,SP.0
1433,T40-SP.a,SP.a
1434,T40-VM.0a,VM.0
1435,T40-VM.0a,VM.a
1436,T40-VM.b,VM.b
1437,T40-SS.fghi,SS.f
1438,T40-SS.fghi,SS.g
1439,T40-SS.fghi,SS.h
1440,T40-SS.fghi,SS.i
1441,T40-SS.jk+,SS.j
1442,T40-SS.jk+,SS.k
1443,T40-SS.jk+,SS.+
1444,T40-SA.0,SA.0
1445,T40-SA.abcdef,SA.a
1446,T40-SA.abcdef,SA.b
1447,T40-SA.abcdef,SA.c
1448,T40-SA.abcdef,SA.d
1449,T40-SA.abcdef,SA.e
1450,T40-SA.abcdef,SA.f
1451,F5-SY.a,SY.a
1452,F5-SY.b,SY.b
1453,F5-SY.c,SY.c
1454,F5-SY.d,SY.d
1455,F5-SM.bc,SM.b
1456,F5-SM.bc,SM.c
1457,F5-SM.def,SM.d
1458,F5-SM.def,SM.e
1459,F5-SM.def,SM.f
1460,F5-SM.ghi,SM.g
1461,F5-SM.ghi,SM.h
1462,F5-SM.ghi,SM.i
1463,F5-SM.¤,SM.¤
1464,F5-KA.abcde,KA.a
1465,F5-KA.abcde,KA.b
1466,F5-KA.abcde,KA.c
1467,F5-KA.abcde,KA.d
1468,F5-KA.abcde,KA.e
1469,F5-KA.fghi,KA.f
1470,F5-KA.fghi,KA.g
1471,F5-KA.fghi,KA.h
1472,F5-KA.fghi,KA.i
1473,F5-HU.0a,HU.0
1474,F5-HU.0a,HU.a
1475,F5-HU.bcd,HU.b
1476,F5-HU.bcd,HU.c
1477,F5-HU.bcd,HU.d
1478,F5-TU.0,TU.0
1479,F5-TU.a,TU.a
1480,F5-KO.0,KO.0
1481,F5-KO.+,KO.+
1482,M5-S3E.0a,S3E.0
1483,M5-S3E.0a,S3E.a
1484,M5-S3E.b,S3E.b
1485,M5-S3E.cd,S3E.c
1486,M5-S3E.cd,S3E.d
1487,M5-S3E.e,S3E.e
1488,M5-S3F.0a,S3F.0
1489,M5-S3F.0a,S3F.a
1490,M5-S3F.bc,S3F.b
1491,M5-S3F.bc,S3F.c
1492,M5-S3F.¤,S3F.¤
1493,M5-S3S.0,S3S.0
1494,M5-S3S.a,S3S.a
1495,M5-S3S.c,S3S.c
1496,M5-S3S.d,S3S.d
1497,M5-DM.0,DM.0
1498,M5-DM.a,DM.a
1499,M5-DM.b,DM.b
1500,M5-DM.cd,DM.c
1501,M5-DM.cd,DM.d
1502,M5-DM.ef,DM.e
1503,M5-DM.ef,DM.f
1504,M5-IO.0ab,IO.0
1505,M5-IO.0ab,IO.a
1506,M5-IO.0ab,IO.b
1507,M5-IO.¤,IO.¤
1508,M5-VF.a,VF.a
1509,M5-VF.bc,VF.b
1510,M5-VF.bc,VF.c
1511,M5-DD.0,DD.0
1512,M5-DD.a,DD.a
1513,V8-KA.cde,KA.c
1514,V8-KA.cde,KA.d
1515,V8-KA.cde,KA.e
1516,V8-KA.fgh,KA.f
1517,V8-KA.fgh,KA.g
1518,V8-KA.fgh,KA.h
1519,V8-SA.0a,SA.0
1520,V8-SA.0a,SA.a
1521,V8-SA.bcd,SA.b
1522,V8-SA.bcd,SA.c
1523,V8-SA.bcd,SA.d
1524,T21-SS.a,SS.a
1525,T21-SS.bc,SS.b
1526,T21-SS.bc,SS.c
1527,T21-SS.d,SS.d
1528,T21-SS.ef,SS.e
1529,T21-SS.ef,SS.f
1530,T21-SS.gh,SS.g
1531,T21-SS.gh,SS.h
1532,T21-SS.i,SS.i
1533,T21-VI.abc,VI.a
1534,T21-VI.abc,VI.b
1535,T21-VI.abc,VI.c
1536,T21-VI.¤,VI.¤
1537,T21-VM.0a,VM.0
1538,T21-VM.0a,VM.a
1539,T21-VM.b,VM.b
1540,T21-HI.0,HI.0
1541,T21-HI.a,HI.a
1542,M3-VF.0ab,VF.0
1543,M3-VF.0ab,VF.a
1544,M3-VF.0ab,VF.b
1545,M3-VF.cd,VF.c
1546,M3-VF.cd,VF.d
1547,M3-VF.efg,VF.e
1548,M3-VF.efg,VF.f
1549,M3-VF.efg,VF.g
1550,M3-VF.h,VF.h
1551,M3-TV.ab,TV.a
1552,M3-TV.ab,TV.b
1553,M3-TV.cde,TV.c
1554,M3-TV.cde,TV.d
1555,M3-TV.cde,TV.e
1556,M3-TV.fgh,TV.f
1557,M3-TV.fgh,TV.g
1558,M3-TV.fgh,TV.h
1559,M3-SA.a,SA.a
1560,M3-SA.bc,SA.b
1561,M3-SA.bc,SA.c
1562,M3-SA.def,SA.d
1563,M3-SA.def,SA.e
1564,M3-SA.def,SA.f
1565,M3-HF.0ab,HF.0
1566,M3-HF.0ab,HF.a
1567,M3-HF.0ab,HF.b
1568,M3-HF.+,HF.+
1569,M3-IF.0ab,IF.0
1570,M3-IF.0ab,IF.a
1571,M3-IF.0ab,IF.b
1572,M3-IF.¤,IF.¤
1573,M3-S1.a,S1.a
1574,M3-S1.b,S1.b
1575,M3-VR.a,VR.a
1576,M3-VR.b,VR.b
1577,M3-RU.0ab,RU.0
1578,M3-RU.0ab,RU.a
1579,M3-RU.0ab,RU.b
1580,M3-RU.cde,RU.c
1581,M3-RU.cde,RU.d
1582,M3-RU.cde,RU.e
1583,M2-DM.0,DM.0
1584,M2-DM.a,DM.a
1585,M2-DM.b,DM.b
1586,M2-DM.cd,DM.c
1587,M2-DM.cd,DM.d
1588,M2-DM.ef,DM.e
1589,M2-DM.ef,DM.f
1590,M2-VF.a,VF.a
1591,M2-VF.bc,VF.b
1592,M2-VF.bc,VF.c
1593,M2-HF.0ab,HF.0
1594,M2-HF.0ab,HF.a
1595,M2-HF.0ab,HF.b
1596,M2-HF.+,HF.+
1597,M2-BK.0,BK.0
1598,M2-BK.a,BK.a
1599,M2-SA.bc,SA.b
1600,M2-SA.bc,SA.c
1601,M2-SA.def,SA.d
1602,M2-SA.def,SA.e
1603,M2-SA.def,SA.f
1604,M2-S1.a,S1.a
1605,M2-S1.b,S1.b
1606,M2-RU.0ab,RU.0
1607,M2-RU.0ab,RU.a
1608,M2-RU.0ab,RU.b
1609,M2-RU.cde,RU.c
1610,M2-RU.cde,RU.d
1611,M2-RU.cde,RU.e
1612,M2-DD.0,DD.0
1613,M2-DD.a,DD.a
1614,T12-TV.cd,TV.c
1615,T12-TV.cd,TV.d
1616,T12-TV.ef,TV.e
1617,T12-TV.ef,TV.f
1618,T12-TV.gh,TV.g
1619,T12-TV.gh,TV.h
1620,T12-TV.ijk,TV.i
1621,T12-TV.ijk,TV.j
1622,T12-TV.ijk,TV.k
1623,T12-SA.abc,SA.a
1624,T12-SA.abc,SA.b
1625,T12-SA.abc,SA.c
1626,T12-SA.def,SA.d
1627,T12-SA.def,SA.e
1628,T12-SA.def,SA.f
1629,T12-HI.0,HI.0
1630,T12-HI.a,HI.a
1631,T12-S1.de,S1.d
1632,T12-S1.de,S1.e
1633,T12-S1.hi,S1.h
1634,T12-S1.hi,S1.i
1635,T12-VM.0a,VM.0
1636,T12-VM.0a,VM.a
1637,T12-VM.b,VM.b
1638,M8-SA.ab,SA.a
1639,M8-SA.ab,SA.b
1640,M8-SA.cdef,SA.c
1641,M8-SA.cdef,SA.d
1642,M8-SA.cdef,SA.e
1643,M8-SA.cdef,SA.f
1644,M8-IO.0a,IO.0
1645,M8-IO.0a,IO.a
1646,M8-IO.b¤,IO.b
1647,M8-IO.b¤,IO.¤
1648,M8-TV.0,TV.0
1649,M8-TV.ab,TV.a
1650,M8-TV.ab,TV.b
1651,M6-KY.0,KY.0
1652,M6-KY.a,KY.a
1653,M6-LK.0,LK.0
1654,M6-LK.+,LK.+
1655,M6-DM.0,DM.0
1656,M6-DM.a,DM.a
1657,T14-VI.abc,VI.a
1658,T14-VI.abc,VI.b
1659,T14-VI.abc,VI.c
1660,T14-VI.¤,VI.¤
1661,T14-KA.abcde,KA.a
1662,T14-KA.abcde,KA.b
1663,T14-KA.abcde,KA.c
1664,T14-KA.abcde,KA.d
1665,T14-KA.abcde,KA.e
1666,T14-KA.fghi,KA.f
1667,T14-KA.fghi,KA.g
1668,T14-KA.fghi,KA.h
1669,T14-KA.fghi,KA.i
1670,T11-TV.cdefgh,TV.c
1671,T11-TV.cdefgh,TV.d
1672,T11-TV.cdefgh,TV.e
1673,T11-TV.cdefgh,TV.f
1674,T11-TV.cdefgh,TV.g
1675,T11-TV.cdefgh,TV.h
1676,T11-TV.ijk,TV.i
1677,T11-TV.ijk,TV.j
1678,T11-TV.ijk,TV.k
1679,T11-S1.de,S1.d
1680,T11-S1.de,S1.e
1681,T11-S1.hi,S1.h
1682,T11-S1.hi,S1.i
1683,T36-HS-T36.A,HS-T36.A
1684,T36-HS-T36.B,HS-T36.B
1685,T36-HS-T36.C,HS-T36.C
1686,T36-KA.abcd,KA.a
1687,T36-KA.abcd,KA.b
1688,T36-KA.abcd,KA.c
1689,T36-KA.abcd,KA.d
1690,T36-KA.efgh,KA.e
1691,T36-KA.efgh,KA.f
1692,T36-KA.efgh,KA.g
1693,T36-KA.efgh,KA.h
1694,H4-SY.a,SY.a
1695,H4-SY.b,SY.b
1696,H4-SY.c,SY.c
1697,H4-SY.d,SY.d
1698,H4-SM.abcdef,SM.a
1699,H4-SM.abcdef,SM.b
1700,H4-SM.abcdef,SM.c
1701,H4-SM.abcdef,SM.d
1702,H4-SM.abcdef,SM.e
1703,H4-SM.abcdef,SM.f
1704,H4-SM.ghi,SM.g
1705,H4-SM.ghi,SM.h
1706,H4-SM.ghi,SM.i
1707,H4-SA.abc,SA.a
1708,H4-SA.abc,SA.b
1709,H4-SA.abc,SA.c
1710,H4-SA.def,SA.d
1711,H4-SA.def,SA.e
1712,H4-SA.def,SA.f
1713,T26-SV.0,SV.0
1714,T26-SV.abcd,SV.a
1715,T26-SV.abcd,SV.b
1716,T26-SV.abcd,SV.c
1717,T26-SV.abcd,SV.d
1718,T26-VM.0a,VM.0
1719,T26-VM.0a,VM.a
1720,T26-VM.b,VM.b
1721,T26-LA.0ab,LA.0
1722,T26-LA.0ab,LA.a
1723,T26-LA.0ab,LA.b
1724,T26-LA.cdef,LA.c
1725,T26-LA.cdef,LA.d
1726,T26-LA.cdef,LA.e
1727,T26-LA.cdef,LA.f
1728,T26-S1.cd,S1.c
1729,T26-S1.cd,S1.d
1730,T26-S1.efg,S1.e
1731,T26-S1.efg,S1.f
1732,T26-S1.efg,S1.g
1733,T26-S1.hi,S1.h
1734,T26-S1.hi,S1.i
1735,T26-KA.cde,KA.c
1736,T26-KA.cde,KA.d
1737,T26-KA.cde,KA.e
1738,T26-KA.fghi,KA.f
1739,T26-KA.fghi,KA.g
1740,T26-KA.fghi,KA.h
1741,T26-KA.fghi,KA.i
1742,T26-KI.0a,KI.0
1743,T26-KI.0a,KI.a
1744,T26-KI.bc,KI.b
1745,T26-KI.bc,KI.c
1746,T30-S1.cde,S1.c
1747,T30-S1.cde,S1.d
1748,T30-S1.cde,S1.e
1749,T30-S1.fghi,S1.f
1750,T30-S1.fghi,S1.g
1751,T30-S1.fghi,S1.h
1752,T30-S1.fghi,S1.i
1753,T30-VF.bc,VF.b
1754,T30-VF.bc,VF.c
1755,T30-VF.de,VF.d
1756,T30-VF.de,VF.e
1757,T30-KI.0a,KI.0
1758,T30-KI.0a,KI.a
1759,T30-KI.bc,KI.b
1760,T30-KI.bc,KI.c
1761,T30-ER.0a,ER.0
1762,T30-ER.0a,ER.a
1763,T30-ER.b,ER.b
1764,T30-KA.bcde,KA.b
1765,T30-KA.bcde,KA.c
1766,T30-KA.bcde,KA.d
1767,T30-KA.bcde,KA.e
1768,T30-KA.fgh,KA.f
1769,T30-KA.fgh,KA.g
1770,T30-KA.fgh,KA.h
1771,T30-HI.0,HI.0
1772,T30-HI.a,HI.a
1773,T43-KA.cde,KA.c
1774,T43-KA.cde,KA.d
1775,T43-KA.cde,KA.e
1776,T43-KA.fgh,KA.f
1777,T43-KA.fgh,KA.g
1778,T43-KA.fgh,KA.h
1779,T43-HI.gh,HI.g
1780,T43-HI.gh,HI.h
1781,T43-HI.hi,HI.h
1782,T43-HI.hi,HI.i
1783,T43-HI.j,HI.j
1784,T43-VM.0a,VM.0
1785,T43-VM.0a,VM.a
1786,T43-VM.b,VM.b
1787,M7-SA.abc,SA.a
1788,M7-SA.abc,SA.b
1789,M7-SA.abc,SA.c
1790,M7-SA.def,SA.d
1791,M7-SA.def,SA.e
1792,M7-SA.def,SA.f
1793,M7-TV.0,TV.0
1794,M7-TV.ab,TV.a
1795,M7-TV.ab,TV.b
1796,M7-S3E.0a,S3E.0
1797,M7-S3E.0a,S3E.a
1798,M7-S3E.b,S3E.b
1799,M7-S3F.bc,S3F.b
1800,M7-S3F.bc,S3F.c
1801,M7-S3F.¤,S3F.¤
1802,M10-DL.0,DL.0
1803,M10-DL.abcd,DL.a
1804,M10-DL.abcd,DL.b
1805,M10-DL.abcd,DL.c
1806,M10-DL.abcd,DL.d
1807,M10-DL.e+,DL.e
1808,M10-DL.e+,DL.+
1809,M10-GS.ab,GS.a
1810,M10-GS.ab,GS.b
1811,M10-GS.cd¤,GS.c
1812,M10-GS.cd¤,GS.d
1813,M10-GS.cd¤,GS.¤
1814,T41-KA.cde,KA.c
1815,T41-KA.cde,KA.d
1816,T41-KA.cde,KA.e
1817,T41-KA.fgh,KA.f
1818,T41-KA.fgh,KA.g
1819,T41-KA.fgh,KA.h
1820,T41-HI.d,HI.d
1821,T41-HI.e,HI.e
1822,T41-SP.0,SP.0
1823,T41-SP.a,SP.a
1824,T41-VM.0a,VM.0
1825,T41-VM.0a,VM.a
1826,T41-VM.b,VM.b
1827,V3-TV.cd,TV.c
1828,V3-TV.cd,TV.d
1829,V3-TV.ef,TV.e
1830,V3-TV.ef,TV.f
1831,V3-TV.gh,TV.g
1832,V3-TV.gh,TV.h
1833,V3-TV.ij,TV.i
1834,V3-TV.ij,TV.j
1835,V3-TV.k,TV.k
1836,V3-MF.cd,MF.c
1837,V3-MF.cd,MF.d
1838,V3-MF.ef,MF.e
1839,V3-MF.ef,MF.f
1840,V3-VI.0,VI.0
1841,V3-VI.ab,VI.a
1842,V3-VI.ab,VI.b
1843,V3-TE.0,TE.0
1844,V3-TE.¤,TE.¤
1845,T15-KA.cde,KA.c
1846,T15-KA.cde,KA.d
1847,T15-KA.cde,KA.e
1848,T15-KA.fgh,KA.f
1849,T15-KA.fgh,KA.g
1850,T15-KA.fgh,KA.h
1851,T15-VS.bc,VS.b
1852,T15-VS.bc,VS.c
1853,T15-VS.d,VS.d
1854,T15-HI.0,HI.0
1855,T15-HI.a,HI.a
1856,T15-KI.0a,KI.0
1857,T15-KI.0a,KI.a
1858,T15-KI.bc,KI.b
1859,T15-KI.bc,KI.c
1860,T19-S1.cd,S1.c
1861,T19-S1.cd,S1.d
1862,T19-S1.h,S1.h
1863,T19-KA.bcde,KA.b
1864,T19-KA.bcde,KA.c
1865,T19-KA.bcde,KA.d
1866,T19-KA.bcde,KA.e
1867,T19-KA.fgh,KA.f
1868,T19-KA.fgh,KA.g
1869,T19-KA.fgh,KA.h
1870,L4-KA.ab,KA.a
1871,L4-KA.ab,KA.b
1872,L4-KA.cde,KA.c
1873,L4-KA.cde,KA.d
1874,L4-KA.cde,KA.e
1875,L4-KA.fghi,KA.f
1876,L4-KA.fghi,KA.g
1877,L4-KA.fghi,KA.h
1878,L4-KA.fghi,KA.i
1879,L4-S3E.0abcd,S3E.0
1880,L4-S3E.0abcd,S3E.a
1881,L4-S3E.0abcd,S3E.b
1882,L4-S3E.0abcd,S3E.c
1883,L4-S3E.0abcd,S3E.d
1884,L4-S3F.0ab,S3F.0
1885,L4-S3F.0ab,S3F.a
1886,L4-S3F.0ab,S3F.b
1887,L4-S3F.c¤,S3F.c
1888,L4-S3F.c¤,S3F.¤
1889,L4-S3S.0,S3S.0
1890,L4-S3S.e,S3S.e
1891,L4-IO.0a,IO.0
1892,L4-IO.0a,IO.a
1893,L4-IO.b¤,IO.b
1894,L4-IO.b¤,IO.¤
1895,L4-IF.0,IF.0
1896,L4-IF.ab,IF.a
1897,L4-IF.ab,IF.b
1898,M14-DL.0,DL.0
1899,M14-DL.abcd,DL.a
1900,M14-DL.abcd,DL.b
1901,M14-DL.abcd,DL.c
1902,M14-DL.abcd,DL.d
1903,M14-DL.e+,DL.e
1904,M14-DL.e+,DL.+
1905,M14-VF.0abcd,VF.0
1906,M14-VF.0abcd,VF.a
1907,M14-VF.0abcd,VF.b
1908,M14-VF.0abcd,VF.c
1909,M14-VF.0abcd,VF.d
1910,M14-VF.efgh¤,VF.e
1911,M14-VF.efgh¤,VF.f
1912,M14-VF.efgh¤,VF.g
1913,M14-VF.efgh¤,VF.h
1914,M14-VF.efgh¤,VF.¤
1915,M14-SA.abc,SA.a
1916,M14-SA.abc,SA.b
1917,M14-SA.abc,SA.c
1918,M14-SA.def,SA.d
1919,M14-SA.def,SA.e
1920,M14-SA.def,SA.f
1921,T5-GS.a,GS.a
1922,T5-GS.bcd,GS.b
1923,T5-GS.bcd,GS.c
2100,T5-GS.bcd,GS.d
1924,T5-GS.¤,GS.¤
1925,T5-KA.abc,KA.a
1926,T5-KA.abc,KA.b
1927,T5-KA.abc,KA.c
1928,T5-KA.defg,KA.d
1929,T5-KA.defg,KA.e
1930,T5-KA.defg,KA.f
1931,T5-KA.defg,KA.g
1932,T5-KA.hi,KA.h
1933,T5-KA.hi,KA.i
1934,T5-UE.0abc,UE.0
1935,T5-UE.0abc,UE.a
1936,T5-UE.0abc,UE.b
1937,T5-UE.0abc,UE.c
1938,T5-UE.defg,UE.d
1939,T5-UE.defg,UE.e
1940,T5-UE.defg,UE.f
1941,T5-UE.defg,UE.g
1942,T5-BK.0,BK.0
1943,T5-BK.a,BK.a
1944,T5-BK.b,BK.b
1945,T5-BK.c,BK.c
1946,T5-LA.0abcd,LA.0
1947,T5-LA.0abcd,LA.a
1948,T5-LA.0abcd,LA.b
1949,T5-LA.0abcd,LA.c
1950,T5-LA.0abcd,LA.d
1951,T5-LA.ef+,LA.e
1952,T5-LA.ef+,LA.f
1953,T5-LA.ef+,LA.+
1954,T45-HI.gh,HI.g
1955,T45-HI.gh,HI.h
1956,T45-HI.hi,HI.h
1957,T45-HI.hi,HI.i
1958,T45-HI.j,HI.j
1959,T45-SP.0,SP.0
1960,T45-SP.a,SP.a
1961,T45-KA.cde,KA.c
1962,T45-KA.cde,KA.d
1963,T45-KA.cde,KA.e
1964,T45-KA.fgh,KA.f
1965,T45-KA.fgh,KA.g
1966,T45-KA.fgh,KA.h
1967,T45-S1.0,S1.0
1968,T45-S1.efg,S1.e
1969,T45-S1.efg,S1.f
1970,T45-S1.efg,S1.g
1971,T45-S1.hi,S1.h
1972,T45-S1.hi,S1.i
1973,T45-VM.a0,VM.a
1974,T45-VM.a0,VM.0
1975,T45-VM.b,VM.b
1976,F3-FK.a,FK.a
1977,F3-FK.b,FK.b
1978,F3-FK.c,FK.c
1979,F3-FK.d,FK.d
1980,F3-FK.e,FK.e
1981,T28-KA.abc,KA.a
1982,T28-KA.abc,KA.b
1983,T28-KA.abc,KA.c
1984,T28-KA.defg,KA.d
1985,T28-KA.defg,KA.e
1986,T28-KA.defg,KA.f
1987,T28-KA.defg,KA.g
1988,T28-KA.hi,KA.h
1989,T28-KA.hi,KA.i
1990,T18-S1.cde,S1.c
1991,T18-S1.cde,S1.d
1992,T18-S1.cde,S1.e
1993,T18-S1.fg,S1.f
1994,T18-S1.fg,S1.g
1995,T18-S1.hi,S1.h
1996,T18-S1.hi,S1.i
1997,T18-VF.f,VF.f
1998,T18-VF.gh¤,VF.g
1999,T18-VF.gh¤,VF.h
2000,T18-VF.gh¤,VF.¤
2001,T18-KA.bcde,KA.b
2002,T18-KA.bcde,KA.c
2003,T18-KA.bcde,KA.d
2004,T18-KA.bcde,KA.e
2005,T18-KA.fgh,KA.f
2006,T18-KA.fgh,KA.g
2007,T18-KA.fgh,KA.h
2008,T18-FR.0,FR.0
2009,T18-FR.a,FR.a
2010,T18-IF.0,IF.0
2011,T18-IF.ab,IF.a
2012,T18-IF.ab,IF.b
2013,T18-KI.0a,KI.0
2014,T18-KI.0a,KI.a
2015,T18-KI.bc,KI.b
2016,T18-KI.bc,KI.c
2017,T18-HI.0,HI.0
2018,T18-HI.a,HI.a
2019,V5-JV.a,JV.a
2020,V5-JV.b,JV.b
2021,H2-SM.a,SM.a
2022,H2-SM.bc,SM.b
2023,H2-SM.bc,SM.c
2024,H2-SM.def,SM.d
2025,H2-SM.def,SM.e
2026,H2-SM.def,SM.f
2027,H2-SM.gh,SM.g
2028,H2-SM.gh,SM.h
2029,H2-SM.i,SM.i
2030,H2-SM.¤,SM.¤
2031,H2-SA.abc,SA.a
2032,H2-SA.abc,SA.b
2033,H2-SA.abc,SA.c
2034,H2-SA.def,SA.d
2035,H2-SA.def,SA.e
2036,H2-SA.def,SA.f
2037,M11-DM.0,DM.0
2038,M11-DM.a,DM.a
2039,M11-DM.bcdef,DM.b
2040,M11-DM.bcdef,DM.c
2041,M11-DM.bcdef,DM.d
2042,M11-DM.bcdef,DM.e
2043,M11-DM.bcdef,DM.f
2044,M11-KI.e,KI.e
2045,M11-KI.¤,KI.¤
2046,M11-KT.d,KT.d
2047,M11-KT.e,KT.e
2048,T37-HS-T37.A,HS-T37.A
2049,T37-HS-T37.B,HS-T37.B
2050,T37-HS-T37.C,HS-T37.C
2051,L1-KA.abc,KA.a
2052,L1-KA.abc,KA.b
2053,L1-KA.abc,KA.c
2054,L1-KA.def,KA.d
2055,L1-KA.def,KA.e
2056,L1-KA.def,KA.f
2057,L1-KA.ghi,KA.g
2058,L1-KA.ghi,KA.h
2059,L1-KA.ghi,KA.i
2060,L1-VF.0abcde,VF.0
2061,L1-VF.0abcde,VF.a
2062,L1-VF.0abcde,VF.b
2063,L1-VF.0abcde,VF.c
2064,L1-VF.0abcde,VF.d
2065,L1-VF.0abcde,VF.e
2066,L1-VF.fgh¤,VF.f
2067,L1-VF.fgh¤,VF.g
2068,L1-VF.fgh¤,VF.h
2069,L1-VF.fgh¤,VF.¤
2070,L1-HU.0,HU.0
2071,L1-HU.abcd,HU.a
2072,L1-HU.abcd,HU.b
2073,L1-HU.abcd,HU.c
2074,L1-HU.abcd,HU.d
2075,L1-DL.ab,DL.a
2076,L1-DL.ab,DL.b
2077,L1-DL.c,DL.c
2078,L1-IF.0,IF.0
2079,L1-IF.ab,IF.a
2080,L1-IF.ab,IF.b
2081,L6-OM.b,OM.b
2082,L6-OM.¤,OM.¤
2083,L6-KA.abcde,KA.a
2084,L6-KA.abcde,KA.b
2085,L6-KA.abcde,KA.c
2086,L6-KA.abcde,KA.d
2087,L6-KA.abcde,KA.e
2088,L6-KA.fghi,KA.f
2089,L6-KA.fghi,KA.g
2090,L6-KA.fghi,KA.h
2091,L6-KA.fghi,KA.i
